feature_0;feature_1;feature_2;feature_3;feature_4;feature_5;feature_6;feature_7;feature_8;feature_9;feature_10;feature_11;feature_12;feature_13;feature_14;feature_15;feature_16;feature_17;feature_18;feature_19;target
4.324.759.536.476.850;28.937.301.618.146.600;48.131.559.951.154.700;3.587.555.663.240.420;8.026.590.044.186.250;17.676.117.676.679.800;7.264.810.158.429.080;7.209.691.788.506.180;3.632.768.434.054.990;8.376.887.803.156.020;6.593.909.229.202.300;4.385.847.644.254.320;5.167.894.575.943.620;19.624.422.175.316.000;13.162.439.877.474.500;42.351.947.718.562.700;3.592.039.198.427.940;20.755.984.469.696.600;13.814.300.269.079.900;38.449.713.555.987.200;14.364.922.076.194.600
517.596.250.100.586;33.044.834.063.564.800;5.859.200.549.413.260;2.268.403.093.112.640;16.981.323.980.738.300;33.560.164.035.051.300;2.844.514.760.920.570;7.481.010.467.722.030;7.370.143.807.888.390;35.814.721.500.851.000;11.036.951.724.617.500;5.563.333.723.501.070;29.600.640.080.850.900;2.072.187.846.557.660;17.740.183.840.248.300;1.726.914.654.434.060;16.757.606.478.538.200;7.549.267.932.513.850;24.809.792.575.688.900;30.371.086.900.114.400;19.984.800.974.263.200
18.943.935.039.000.500;5.538.888.198.542.880;1.658.337.901.608.140;20.246.592.715.157.500;17.669.558.564.149.100;32.115.504.895.860.100;40.727.838.941.686.500;16.124.566.829.584.000;2.822.690.254.489.570;2.215.708.988.954.130;14.391.956.207.268.400;4.536.947.485.242.480;5.818.237.410.292.660;10.169.563.911.707.400;0.6535918186439443;4.868.590.841.077.750;11.749.154.789.432.700;6.420.464.881.416.620;20.713.313.819.413.400;2.265.153.719.578.080;12.944.351.240.224.500
23.730.787.790.058.700;19.589.488.120.665.100;4.167.522.522.090.690;4.687.290.310.159.730;611.693.517.273.912;3.014.117.105.478.490;2.418.806.554.830.270;4.959.704.382.026.050;12.239.682.149.561.900;13.828.319.466.106.100;6.771.619.070.748.640;551.896.752.782.389;45.014.729.455.684.700;1.963.504.547.571.910;476.385.148.118.248;4.114.142.131.767.320;671.420.224.127.044;11.563.094.280.292.800;892.795.684.326.983;38.824.043.330.185.100;1.479.243.960.555.330
6.028.452.560.886.530;16.103.208.465.844.100;2.217.599.787.822.330;3.457.655.739.576.950;5.585.883.692.984.400;2.767.042.411.183.830;40.806.956.609.921.900;1.939.081.275.595.900;13.876.976.494.990.100;14.666.219.341.614.300;3.117.475.650.992.480;21.362.139.235.917.100;13.359.042.964.408.900;19.763.458.390.999.700;26.278.027.432.778.100;11.112.755.653.440.300;17.218.113.561.482.700;8.586.964.191.350.380;3.053.785.703.042.430;6.259.318.373.725.620;11.802.633.596.982.000
888.491.500.893.716;40.368.985.637.273.300;41.772.982.552.691.300;3.445.026.698.724.680;3.611.039.438.824.400;2.920.585.814.712.950;25.938.478.829.284.000;30.226.433.996.600.500;14.310.352.612.631.400;22.403.766.502.310.700;6.015.843.165.940.920;4.472.591.036.891.350;7.684.293.865.899.910;2.023.404.046.614.400;4.947.293.278.466.110;5.601.704.630.334.040;6.784.708.793.352.910;23.812.372.734.106.500;3.304.131.179.859.740;27.038.076.139.520.100;21.271.252.545.482.200
5.984.923.275.773.250;19.475.078.728.213.600;5.269.636.995.930.770;14.126.169.977.085.900;2.758.227.702.176.810;6.015.122.915.096.630;4.045.486.004.344.760;5.965.476.614.729.300;25.074.088.645.183.900;283.921.962.803.062;23.047.159.455.004.900;14.785.276.564.990.900;11.249.146.755.880.400;10.572.614.861.461.100;14.406.921.860.005.000;27.684.809.873.423.600;7.063.479.469.048.540;54.280.853.089.617.500;31.462.051.130.359.800;39.312.930.577.981.300;18.748.664.639.960.700
6.835.524.324.581.640;4.475.491.986.979.130;4.711.801.435.745.660;24.092.315.854.772.700;8.211.376.470.010.950;7.328.476.710.743.310;4.009.201.957.301.930;8.572.861.410.639.810;22.241.693.695.528.100;9.210.033.146.166.450;1.632.165.537.012.580;0.20556143312873923;13.406.800.529.151.900;6.842.727.402.886.530;4.001.776.116.858.760;3.946.568.413.852.010;12.108.291.045.399.400;8.174.273.960.889.150;42.296.811.055.291.400;1.456.730.964.309.630;1.261.948.522.321.370
471.844.457.919.483;31.666.218.259.635.600;18.291.431.959.485.400;45.858.943.177.852.600;48.146.238.330.912.200;6.364.870.804.624.310;23.381.327.515.568.100;46.155.798.795.619.800;11.392.763.032.085.200;3.060.051.684.830.390;132.737.733.535.354;4.262.222.763.335.090;8.604.957.010.080.590;15.303.199.159.169.400;33.345.972.329.315.600;20.600.808.313.007.700;8.345.235.128.673.430;14.446.634.757.489.200;38.845.690.581.462.900;8.076.625.183.298.200;17.859.261.942.468.100
3.911.529.958.901.960;4.665.670.560.686.190;3.385.449.070.852.300;39.492.479.987.876.000;702.219.452.711.517;3.486.383.877.532.470;39.385.856.533.277.200;7.662.582.804.553.060;1.853.866.108.515.270;6.335.607.541.161.260;6.750.893.884.905.170;18.089.479.009.008.400;4.991.921.551.240.010;17.823.772.019.068.600;5.285.355.023.778.860;6.906.395.609.490.110;11.331.293.536.081.100;13.670.954.200.514.900;47.269.548.874.135.700;3.949.465.063.377.240;13.513.936.022.935.000
3.991.092.168.073.860;5.293.001.981.939.490;415.234.971.086.084;25.564.960.899.614.400;3.771.928.898.770.050;6.327.095.997.112.820;18.225.742.153.127.200;4.823.633.564.019.650;10.396.374.643.959.500;14.214.388.956.989.700;8.339.349.457.136.820;5.989.591.254.960.810;7.886.575.033.038.420;8.146.468.471.829.990;186.231.692.038.133;5.586.885.548.903.180;16.255.443.244.149.400;884.971.728.515.502;11.588.727.964.540.400;35.985.568.732.162.100;10.327.293.288.921.400
5.965.591.764.046.120;36.529.488.908.767.700;28.597.798.261.991.300;46.693.514.154.434.300;3.208.345.760.167.370;41.082.918.075.636.100;9.239.434.011.794.050;15.090.339.989.975.200;26.355.612.950.154.700;12.576.825.884.371.100;5.942.694.126.132.060;4.406.269.602.878.020;2.596.747.751.960.250;0.6187201948070683;26.272.204.533.479.900;5.523.689.164.841.930;7.559.541.047.970.540;13.167.870.727.478.300;3.441.053.080.961.300;6.843.072.833.053.610;6.587.594.079.868.670
5.099.803.032.993.940;41.508.882.461.719.700;6.049.789.039.336.840;31.211.493.011.934.200;856.932.236.774.382;30.125.549.413.293.100;3.373.371.464.043.030;34.791.748.087.237.400;2.805.292.458.709.510;8.368.100.534.884.890;327.148.741.139.598;0.9180509294621692;9.797.150.629.181.520;7.677.934.009.666.670;20.675.184.261.623.600;8.671.235.392.189.760;31.113.590.270.829.200;13.543.172.475.424.500;4.714.247.757.580.770;776.759.384.036.602;8.449.676.878.085.740
3.560.415.385.899.610;27.716.196.015.258.800;5.865.831.405.824.880;2.272.151.198.713.210;8.741.715.430.011.280;5.557.999.932.362.270;24.506.499.507.558.500;7.485.664.394.140.650;10.194.265.630.247.900;7.674.752.060.681.800;2.762.993.712.069.490;15.481.379.927.026.300;4.045.833.101.802.860;708.734.902.655.415;26.767.719.730.295.400;4.201.594.225.063.720;49.420.152.204.223.300;18.048.009.463.621.500;19.888.848.337.997.000;44.349.760.861.506.800;1.133.249.553.726.160
7.158.256.610.449.860;33.545.477.331.582.100;10.414.128.407.052.400;4.426.393.246.716.490;6.136.340.992.173.600;3.434.257.917.121.570;16.909.147.573.334.600;3.860.333.089.455.950;32.699.384.054.359.600;18.216.393.066.947.200;6.687.704.872.622.980;29.945.574.826.622.300;800.990.410.575.318;16.285.454.400.697.300;299.754.322.227.595;4.848.776.915.040.260;4.456.414.038.925.860;16.585.785.933.248.900;39.727.834.332.043.000;4.743.109.458.657.690;19.324.441.656.314.700
25.505.646.554.440.800;5.357.369.490.455.420;18.553.389.391.310.700;24.119.881.523.870.200;845.567.284.624.754;14.013.528.630.692.300;8.352.039.553.226.700;7.367.075.902.452.450;3.556.969.451.592.270;3.788.812.063.842.970;1.555.935.278.578.400;0.03643672385150378;6.051.382.009.577.750;60.324.365.144.964.800;7.231.893.200.102.220;9.146.672.476.488.900;2.837.148.031.151.050;48.270.616.601.784.200;4.815.701.844.278.720;5.874.355.068.880.200;15.529.683.295.400.100
7.034.508.681.811.660;33.602.122.833.535.600;5.667.585.280.742.970;5.401.218.654.977.820;6.629.815.890.220.620;26.778.041.701.795.800;10.883.623.017.799.700;12.264.959.751.997.700;20.264.097.189.754.600;3.460.234.895.010.150;6.345.380.052.500.050;5.599.872.303.061.200;7.498.330.218.221.450;873.386.743.370.315;411.622.780.450.681;3.938.420.877.708.150;4.847.352.535.958.350;7.248.536.698.512.970;3.440.259.343.583.620;11.787.211.291.804.600;23.206.414.815.079.500
6.979.938.458.999.150;1.305.685.500.352.880;2.600.877.409.775.350;1.001.275.324.935.520;606.839.513.961.717;43.599.343.945.758.500;3.183.903.101.151.240;27.450.193.545.183.200;2.885.066.694.376.520;11.408.757.078.573.700;7.557.720.789.111.110;668.374.860.527.649;7.374.812.889.691.650;5.950.314.227.459.060;194.453.927.586.067;4.713.471.893.545.250;16.516.508.772.989.100;18.825.172.288.512.800;4.039.403.903.167.810;1.630.366.510.004.240;11.719.443.287.250.900
6.647.604.971.596.940;1.363.432.186.416.770;22.374.523.756.003.400;4.233.030.659.186.950;258.014.265.157.113;4.571.658.464.055.760;40.842.228.849.674.600;428.651.141.519.544;15.233.547.490.987.900;3.736.061.012.706.060;6.636.044.805.643.650;13.728.243.771.919.100;48.857.104.718.939.600;19.385.699.695.672.400;25.482.806.045.659.100;15.379.672.459.351.800;15.646.427.115.847.500;1.258.604.200.499.190;19.170.098.947.929.200;6.308.175.941.603.570;5.975.870.211.779.430
733.106.835.333.663;576.801.088.214.036;42.515.329.668.262.100;33.420.435.862.450.000;30.255.576.546.609.300;16.942.702.721.779.800;37.634.907.309.469.300;1.381.261.648.682.530;21.203.930.951.446.600;2.934.045.940.675.410;11.723.500.692.506.600;3.044.036.164.055.850;5.721.286.409.511.400;18.363.671.800.119.300;507.003.609.029.907;4.104.992.205.471.240;11.482.552.026.818.200;9.610.320.806.610.320;45.068.432.277.594.300;3.540.782.228.182.440;16.469.329.605.283.500
20.467.230.271.080.800;1.949.776.005.292.960;13.860.233.672.050.300;3.898.500.861.496.840;5.628.834.253.218.830;12.903.007.515.480.900;39.033.866.598.799.900;5.407.864.904.374.050;30.511.810.039.049.000;2.874.417.301.766.930;3.810.034.056.500.120;4.162.818.958.681.440;45.242.124.463.555.900;19.806.405.550.629.300;2.431.516.714.269.860;2.477.413.915.466.480;12.236.304.550.324.000;4.072.298.633.551.640;2.548.148.161.989.560;5.164.872.467.640.260;13.240.561.623.231.300
24.362.221.227.914.200;5.729.108.899.633.310;5.021.960.520.732.220;30.013.557.342.603.700;8.358.406.461.663.220;15.277.488.326.138.200;4.031.095.470.996.590;7.992.094.554.451.430;6.222.291.157.068.220;3.403.999.478.961.240;5.401.116.473.005.550;5.170.861.759.421.500;5.916.302.658.227.070;394.006.213.012.836;3.535.588.601.622.290;47.973.148.065.491.500;1.801.961.053.294.290;34.419.830.966.779.700;0.2905049442456529;3.030.333.223.464.330;21.779.617.812.300.400
7.686.815.468.908.660;331.442.401.533.758;35.574.681.872.798.300;7.901.491.010.252.530;7.876.035.017.537.970;6.621.372.206.560.750;38.224.795.065.757.000;7.988.774.484.712.480;3.101.595.330.245.260;12.907.777.226.544.400;26.309.652.321.003.300;63.822.168.995.987.600;28.421.236.486.240.400;7.790.799.961.897.040;45.210.324.789.814.700;22.721.138.405.181.200;11.621.704.367.161.600;8.629.566.630.216.750;1.775.309.495.560.640;37.252.230.875.830.400;1.414.798.256.245.810
7.207.065.661.005.530;11.129.478.509.294.500;5.090.512.393.420.010;45.564.227.171.128.100;866.550.606.654.786;6.849.968.783.376.940;6.548.494.588.566.030;9.308.226.027.747.070;463.025.475.479.444;13.169.772.646.199.500;20.021.817.150.890.000;3.004.868.145.436.510;2.010.232.860.987.910;13.144.014.061.666.700;22.012.964.750.716.300;898.582.235.833.924;26.492.565.998.340.400;289.428.457.863.542;47.852.326.853.438.400;20.366.413.808.123.000;20.538.945.130.649.700
2.966.372.321.925.000;19.131.769.621.235.900;3.544.081.907.684.530;31.557.164.852.691.100;6.135.712.678.593.110;6.603.228.833.947.110;3.570.880.286.915.890;2.772.598.693.613.620;14.570.415.341.905.400;10.867.510.280.223.300;5.579.982.801.767.210;5.884.388.759.625.390;9.295.939.364.919.180;19.977.713.324.409.500;47.315.804.985.944.700;5.173.414.404.883.080;4.556.464.319.039.620;10.988.289.495.957.600;4.469.951.594.817.300;9.866.382.212.355.700;20.194.485.817.571.000
8.832.006.700.134.980;4.485.092.968.038.570;11.655.226.168.102.700;29.058.825.479.269.700;3.677.184.233.012.100;5.360.075.796.579.510;3.513.133.248.578.000;5.280.414.933.842.310;31.930.077.762.624.300;21.267.469.660.497.200;27.310.840.759.174.300;0.8189949564237604;86.579.458.850.885;15.151.766.606.341.100;16.113.407.415.906.200;5.303.313.599.466.230;17.646.672.609.867.600;8.607.943.737.023.380;28.998.825.971.146.200;9.251.104.237.646.630;30.027.038.523.568.900
17.206.326.809.926.800;18.855.349.875.030.000;5.465.778.692.790.650;112.760.023.013.129;7.662.302.312.288.600;4.027.467.092.726.370;3.001.879.861.937.430;4.381.198.798.515.700;2.868.658.796.270.050;7.901.888.072.993.580;38.961.517.226.399.200;10.497.008.894.640.000;7.443.535.137.397.970;33.238.123.204.806.100;2.963.641.245.294.890;4.929.433.319.581.550;16.820.266.689.206.400;13.961.825.626.212.700;4.106.802.934.222.570;1.271.548.842.886.070;1.185.523.044.422.140
4.837.756.402.480.140;5.762.713.234.396.970;16.757.264.112.295.200;1.212.379.585.132.080;27.734.371.777.499.700;5.984.563.269.822.710;3.584.664.261.972.050;3.654.885.434.246.880;23.196.023.104.530.400;10.660.487.173.203.700;32.039.324.495.066.800;2.575.201.221.359.940;7.964.072.124.587.790;18.094.843.492.970.800;22.072.636.648.670.700;11.024.812.034.129.600;777.633.701.715.167;15.389.021.188.630.600;4.976.385.092.262.370;3.011.364.636.953.360;15.705.465.933.478
719.659.431.939.728;6.157.853.938.919.620;6.071.213.499.959.580;5.749.341.348.704.200;9.841.496.221.510.390;3.861.370.884.550.420;35.878.427.933.248.400;514.513.680.618.395;10.524.372.261.412.300;14.378.076.066.441.800;3.885.563.421.159.430;6.747.133.792.784.200;8.224.920.302.256.030;10.629.948.604.369.500;17.849.260.571.972.900;20.095.129.758.833.900;52.112.012.974.458.500;11.535.514.388.551.000;7.798.712.684.481.830;17.876.946.339.713.900;2.362.690.542.930.920
8.045.285.826.303.550;29.477.801.412.413.100;3.352.056.261.234.680;1.807.053.741.476.960;43.254.592.963.520.100;4.269.716.755.472.090;24.918.527.007.375.400;24.664.566.159.044.400;14.470.481.390.440.400;29.549.244.933.955.700;5.699.367.059.621.990;0.31761124869212104;5.439.942.552.025.540;17.691.742.148.896.400;24.056.862.448.604.600;5.583.165.702.457.040;16.594.084.902.184.200;10.231.016.970.495.200;11.904.129.082.788.200;677.644.826.946.515;13.411.694.915.761.200
9.838.494.852.928.850;3.022.499.463.355.190;11.843.927.993.470.800;3.286.931.618.023.200;791.898.982.386.835;3.462.791.545.365.780;44.113.270.419.367.100;23.282.717.026.661.400;6.158.998.076.643.780;1.658.335.685.167.940;53.095.026.567.726.400;0.6647831984601609;9.196.773.416.984.210;16.159.963.182.283.000;4.831.274.880.042.200;989.960.646.163.201;15.688.547.541.276.700;13.759.679.447.171.000;9.075.364.357.122.180;8.464.189.495.693.400;14.821.170.404.245.200
3.716.912.799.416.140;5.291.405.246.614.130;21.320.432.089.548.900;716.854.544.350.708;5.829.387.072.082.460;3.089.142.159.585.680;6.771.638.993.687.190;10.493.004.218.258.200;11.543.700.790.672.600;3.481.634.414.960.700;11.772.206.598.668.100;0.7221795295683974;5.808.734.190.432.300;62.455.604.304.400.800;4.696.323.466.274.420;5.275.547.448.238.490;1.518.537.106.334.520;992.849.879.524.723;19.127.835.111.919.300;16.296.665.445.011.200;10.879.224.338.830.800
15.741.388.196.714.200;5.220.443.896.336.250;9.471.077.201.614.250;38.542.811.823.908.400;6.419.816.964.304.900;931.285.344.368.717;3.253.286.297.337.040;40.520.913.193.373.300;24.361.651.809.088.800;20.396.046.504.570.400;6.542.648.727.054.440;4.045.051.185.874.740;8.287.324.780.024.750;15.301.633.336.736.600;7.875.356.530.939.540;45.962.404.858.024.100;12.053.211.255.354.600;1.970.191.887.021.460;13.461.517.052.453.600;3.103.440.345.598.040;14.585.743.712.946.700
578.350.198.209.889;4.278.233.054.386.810;5.927.589.577.335.030;24.976.251.393.763.200;6.741.273.002.153.130;50.048.455.625.542.900;29.190.608.566.009.200;3.330.585.072.269.280;2.688.866.770.686.780;10.527.063.621.095.300;10.960.982.519.355.400;5.486.875.034.177.630;5.441.703.229.933.490;17.289.872.875.386.200;0.6550380437622624;17.277.070.807.471.300;18.363.693.440.125.700;5.015.081.220.505.960;7.038.661.276.125.240;5.395.926.350.443.930;19.646.695.067.916.900
48.405.645.673.989.200;21.224.997.827.879.100;4.939.766.719.874.780;3.461.611.397.388.720;5.369.460.356.950.490;6.228.071.270.012.170;997.256.333.222.322;258.231.621.195.996;2.920.672.883.763.600;2.566.352.495.536.200;9.725.720.446.128.230;25.635.995.224.595.000;5.671.879.769.811.770;6.893.603.385.860.350;4.722.736.000.299.570;26.092.772.341.403.200;1.515.737.330.770.770;11.172.916.473.559.200;10.702.841.708.920.200;4.656.246.738.156.290;17.343.023.733.226.900
4.107.070.999.744.260;1.480.075.929.462.850;5.446.493.838.592.540;5.079.217.021.566.170;6.469.839.276.074.440;6.156.663.420.409.120;17.302.135.309.452.100;30.781.174.586.391.800;20.088.296.799.977.100;2.942.101.973.977;7.597.239.602.248.550;5.077.244.147.532.240;6.208.070.080.222.260;46.765.119.188.354.200;39.790.760.718.962.400;9.095.860.997.457.080;9.072.015.233.879.710;4.645.904.714.537.380;29.953.317.920.478.500;4.598.317.132.776.710;8.420.896.219.744.250
6.261.572.225.447.430;3.583.160.493.758.160;4.416.283.310.602.830;4.795.121.605.740.340;13.984.280.208.123.900;346.937.282.376.527;41.258.802.209.927.500;2.883.856.783.486.900;16.827.789.492.911.600;10.275.473.733.791.400;7.169.323.177.142.660;0.12007152340844722;842.657.326.233.394;11.901.309.270.805.800;22.317.468.599.802.400;36.896.687.516.571.700;573.244.966.702.085;7.523.349.813.774.090;30.123.935.302.165.000;5.355.335.632.386.660;11.452.701.335.383.900
9.012.872.274.209.010;434.552.287.674.514;48.394.693.609.723.200;15.753.710.544.259.800;3.150.631.538.560.880;440.576.344.927.822;7.679.784.452.079.960;25.047.115.527.266.600;4.851.724.812.378.970;265.671.558.472.218;18.517.786.315.396.700;36.363.672.883.345.700;8.555.779.846.087.900;19.104.748.781.990.400;23.272.802.684.359.900;17.721.975.732.276.300;1.493.615.067.831.150;8.887.419.473.316.110;4.069.312.135.981.620;8.675.201.335.162.770;20.540.420.367.246.400
8.532.216.750.119.380;4.341.548.273.694.700;45.185.650.531.671.200;22.747.917.248.438.300;8.365.977.812.654.340;32.349.183.653.232.700;4.216.556.041.510.070;1.984.020.939.885.830;21.441.143.677.660.200;23.790.444.844.733.400;5.502.259.820.012.800;6.088.922.228.583.540;34.041.406.152.126.900;8.812.191.144.333.960;3.907.129.722.700.670;30.182.343.420.069.100;6.869.616.144.025.490;6.299.452.542.352.270;1.835.304.919.433.270;46.437.506.084.770.800;5.748.211.021.110.880
700.288.877.838.218;24.440.864.389.976.200;47.757.183.961.160.300;3.310.614.316.076.630;24.523.696.734.933.700;37.374.175.333.283.700;2.565.366.004.116.250;15.099.139.607.810.100;89.862.858.821.241;2.505.573.599.979.300;3.501.723.888.596.690;13.888.449.159.428.800;7.526.373.504.757.820;4.826.678.323.813.070;44.869.872.153.426.400;47.939.278.969.090.000;13.746.840.193.442.800;12.454.034.609.987.100;27.712.179.106.069.200;3.195.154.981.333.710;1.236.598.761.900.180
25.893.784.791.459.300;9.510.324.887.958.080;4.665.095.122.008.730;5.476.876.149.052.630;4.987.791.420.327.680;9.886.672.296.413.330;50.949.772.431.618.300;24.384.734.891.515.500;19.062.319.082.501.000;17.127.696.307.651.800;1.273.992.611.873.830;21.591.562.790.059;901.352.432.513.771;6.787.835.132.315.130;15.781.804.216.958.500;4.709.520.206.914.470;3.307.487.135.121.090;23.140.370.623.860.500;5.858.713.542.708.180;4.790.463.339.140.850;15.849.700.077.965.300
3.569.618.004.778.850;51.584.531.961.704.200;4.035.591.504.678.480;4.219.222.309.220.470;5.947.345.159.802.640;5.360.616.483.363.000;4.991.173.417.208.040;7.494.911.487.591.920;3.371.926.758.371.130;2.201.379.991.366.410;23.270.869.580.758.600;0.47101623930158737;2.899.376.052.759.990;11.768.962.821.789.400;16.207.194.930.749.200;39.449.523.467.316.000;12.626.929.485.449.400;11.802.356.492.571.800;50.153.502.963.149.200;4.506.262.602.134.270;2.050.864.072.771.450
5.294.941.629.756.440;10.919.857.556.208.900;26.321.372.866.053.500;1.389.488.286.805.920;9.234.114.224.375.030;4.561.313.459.629.770;3.421.884.755.272.050;6.220.056.581.334.590;34.761.349.818.022.300;3.640.214.310.935.540;7.280.183.716.280.400;546.416.026.282.414;17.555.943.759.911.700;6.513.882.412.487.910;23.797.206.762.244.800;42.454.965.221.485.700;525.448.786.200.359;58.639.558.900.933.700;3.370.316.328.520.190;8.624.284.762.610.800;21.885.552.833.144.200
2.725.998.428.242.350;424.184.903.023.536;38.043.071.119.905.000;3.825.861.911.646.080;5.451.756.414.471.830;16.988.438.907.483.800;10.781.065.888.663.300;44.525.419.576.798.400;6.468.912.246.651.400;27.490.319.110.239.200;4.234.371.304.363.300;16.952.522.902.317.000;446.752.543.310.083;52.674.217.592.798.500;28.179.299.766.743.500;2.636.957.395.577.890;1.675.338.804.903.000;1.131.422.618.665.630;5.227.480.477.660.840;7.826.738.282.672.930;17.250.461.119.300.900
7.368.845.290.486.230;6.357.358.062.741.590;43.728.617.747.425.200;32.550.461.981.291.100;28.097.110.827.598.800;5.843.156.544.196.840;3.285.771.990.603.920;50.963.874.758.668.300;28.888.018.103.905.400;25.838.662.560.663.700;6.620.414.281.482.730;67.242.884.372.569.800;7.356.123.925.674.210;2.006.535.738.645.270;3.681.164.374.123.320;34.340.534.972.009.400;2.030.984.715.881.380;13.495.246.987.091.100;2.432.473.771.568.260;8.660.534.194.049.430;20.363.577.106.544.700
4.532.754.651.199.200;4.385.101.852.649.060;4.544.768.496.850.570;23.703.651.828.070.100;26.792.739.818.990.300;5.830.679.688.999.610;4.057.520.228.122.540;8.365.062.525.309.160;3.153.931.879.227.420;16.575.417.187.146.500;6.547.468.366.908.500;2.962.943.867.816.510;825.631.574.382.403;1.109.521.223.406.040;30.961.987.370.680.900;3.910.995.467.916.920;53.156.421.064.041.500;10.292.311.455.826.500;3.184.466.566.738.530;36.598.841.056.809.200;16.875.804.592.562.100
5.328.371.760.587.180;13.537.196.774.115.300;24.680.744.472.548.400;25.017.564.014.197.200;37.041.935.736.035.500;7.817.933.328.354.690;4.217.593.684.151.360;3.691.858.405.926.430;19.015.005.208.875.400;17.074.318.313.955.400;26.311.857.819.507.400;2.456.210.896.242.060;8.144.293.447.015.230;783.035.397.139.026;490.956.523.847.431;3.701.901.048.445.060;8.210.957.116.383.540;22.030.427.448.980.200;11.839.496.924.101.600;4.627.906.074.550.930;14.758.019.884.741.200
9.210.480.241.076.340;16.205.226.240.551.700;25.711.863.538.678.800;4.604.018.481.353.640;16.070.363.049.675.100;17.297.996.599.152.700;8.565.224.502.935.480;14.863.670.189.558.300;20.855.201.896.101.700;2.122.432.646.704.380;15.103.299.078.431.000;61.253.676.697.593.600;12.540.995.815.381.700;9.372.411.422.615.460;42.940.527.750.549;3.110.749.516.537.160;16.180.858.831.735.700;9.433.658.685.347.980;31.151.491.812.978.700;60.680.109.937.577.800;16.483.670.430.044.700
7.696.167.103.390.170;42.842.553.797.984.700;44.664.481.917.347.500;5.646.885.559.214.050;5.332.063.700.233.690;2.380.565.508.525.180;22.660.387.099.106.900;32.130.191.297.471.000;25.808.962.892.383.400;3.579.232.335.562.250;33.769.146.060.114.200;6.780.272.822.336.200;21.033.628.553.985.800;13.654.189.447.232.600;4.270.431.251.000.580;43.911.317.628.288.600;10.413.180.891.228.700;987.567.236.078.099;33.170.746.223.896.900;6.178.394.810.879.520;15.315.712.207.161.000
34.871.172.357.196.100;6.909.051.956.538.330;5.254.707.806.412.680;23.102.189.654.262.500;638.369.374.949.768;1.815.698.926.901.780;9.736.317.723.958.580;6.699.310.715.434.700;19.709.751.006.402.700;11.805.005.750.586.200;6.390.128.998.430.390;4.779.836.974.824.830;5.090.211.616.387.300;11.935.112.845.966.800;0.7216923368613714;7.975.442.778.245.810;60.482.297.007.805.200;8.504.763.670.454.700;3.448.968.478.142.840;44.099.500.079.400.600;15.910.210.889.252.600
3.823.646.042.604.560;4.434.518.955.310.750;4.665.929.364.396.620;4.748.270.276.086.930;35.502.532.852.986.200;3.710.148.519.333.120;3.514.073.757.015.740;40.835.768.848.798.600;15.346.642.802.677.400;3.379.024.224.075.420;46.307.511.869.920.200;4.545.874.689.914.800;59.522.548.629.030.700;7.663.736.558.630.310;19.594.162.892.981.200;350.696.596.425.026;10.226.556.056.396.400;13.490.672.201.546.100;4.780.911.470.124.710;650.062.148.157.711;2.183.416.609.509.400
4.590.845.893.810.550;5.879.411.027.828.980;2.961.666.290.792.740;16.148.480.050.099.000;23.177.614.088.958.900;5.088.959.835.774.460;25.437.923.141.408.100;7.242.204.201.289.470;21.778.942.582.620.700;3.186.380.221.280.390;5.677.203.551.201.050;4.600.715.209.605.580;47.933.524.629.867.400;24.598.080.479.565.600;19.842.746.177.643.100;12.867.081.945.573.400;8.650.344.575.958.410;77.271.854.874.702.300;20.926.133.475.579.700;928.059.616.920.563;15.979.124.558.178.000
832.954.568.423.601;5.394.257.272.820.730;5.641.308.609.164.870;5.586.398.430.591.170;5.576.681.241.492.690;5.177.177.658.302.770;33.032.349.413.714.200;39.333.471.485.190.500;20.347.999.113.431.200;2.896.509.080.153.570;4.704.635.462.148.890;2.441.114.910.257.140;7.254.755.821.343.320;45.457.441.301.521.100;1.651.951.110.109.560;3.870.576.787.286.800;11.602.010.825.764.700;11.145.115.894.973.100;32.023.863.104.585.600;5.385.558.741.103.950;17.949.293.039.735.500
10.335.211.273.119.500;36.350.628.143.228.600;3.835.847.079.747.850;26.567.939.729.049.200;10.279.564.315.702.700;25.380.488.000.269.700;3.869.726.336.655.250;49.237.711.337.986.400;29.016.914.072.960.400;21.780.135.221.705.800;6.441.318.876.895.920;12.858.732.771.477.100;3.698.327.448.553.640;10.455.199.984.367.700;5.466.232.997.122.510;3.020.266.858.536.740;11.230.628.676.922.700;12.068.158.742.386.400;39.562.897.131.962.100;5.237.785.908.672.450;19.079.632.091.111.700
50.471.223.079.264.200;4.195.683.697.077.010;10.131.488.600.681.800;0.3088231097183111;19.723.895.468.346.300;4.531.326.140.908.330;3.923.846.370.868.200;1.107.904.999.896.300;3.557.416.598.982.650;3.601.686.544.705.190;2.700.395.442.863.560;1.593.012.086.679.150;9.409.503.092.870.750;10.309.507.865.200.900;42.415.968.181.589.200;14.924.339.735.465.000;924.293.919.918.225;27.261.420.990.351.600;4.436.175.070.092.190;9.315.091.916.387.640;17.931.717.387.381.000
2.086.858.666.951.180;5.823.019.227.014.510;6.017.520.711.823.850;1.997.890.480.307.420;39.959.196.806.915.900;45.650.816.408.051.500;14.380.980.485.969.000;3.251.351.952.088.600;26.301.955.663.165.000;6.537.864.981.092.400;2.942.066.772.571.280;4.427.143.039.559.060;4.309.992.958.490.020;15.640.858.515.182.600;17.535.163.608.170.900;5.506.211.619.503.430;17.310.176.602.436.000;13.193.686.574.849.900;9.829.639.647.093.970;6.704.366.787.059.590;18.220.644.235.532.200
7.130.065.942.791.080;1.812.323.019.799.260;15.329.466.089.649.400;447.441.863.188.298;22.035.962.366.240.900;16.910.756.892.799.400;32.265.389.000.165;375.017.180.821.882;3.664.626.639.672.380;10.288.474.474.904.500;3.668.784.110.952.910;4.002.689.827.960.140;5.772.906.838.351.870;4.256.025.224.098.370;5.521.587.636.095.330;3.737.620.320.476.370;16.896.365.044.898.500;13.803.419.398.545.800;2.922.586.065.753.540;8.006.528.230.533.000;6.140.651.500.629.620
434.794.948.009.965;5.149.829.915.249.560;444.713.500.762.794;62.859.254.057.966.700;10.682.831.840.186.500;4.567.570.118.634.040;9.597.149.947.321.620;75.306.482.479.528;3.265.970.513.566.260;78.486.048.246.561;5.821.677.625.570.960;10.887.350.231.955.200;29.238.069.432.766.400;1.557.294.059.469.510;34.351.061.572.446.200;1.815.915.306.743.910;5.165.058.564.756.580;35.463.146.670.644.500;5.793.783.227.164.800;7.308.995.840.901.630;10.333.185.582.909.900
25.174.861.310.970.700;5.785.319.793.314.870;5.800.932.602.816.170;17.040.961.772.096.200;9.355.551.035.489.690;522.749.656.169.691;20.235.458.823.091.900;2.116.951.251.007.700;1.250.756.569.379.510;7.160.875.249.085.840;2.676.353.837.930.110;262.715.155.100.155;1.359.347.510.792.520;18.860.260.630.462.400;19.872.958.826.736.600;6.640.943.330.514.340;4.152.438.197.528.480;50.200.880.912.569.800;5.273.324.779.343.360;9.187.433.202.488.290;20.000.319.093.242.000
4.174.595.836.586.400;29.029.391.402.794.400;3.380.784.850.569.440;43.018.081.017.787.300;24.946.443.190.515.700;18.726.720.285.812.500;3.735.599.877.127.640;7.202.936.968.124.650;946.708.046.982.932;20.011.763.643.111.800;48.674.604.315.802.500;2.262.522.499.918.950;315.773.852.335.539;14.381.452.810.582.200;31.936.403.427.946.800;33.486.077.007.064.400;34.013.954.284.081.100;7.928.239.130.928.030;41.807.822.921.680.700;6.953.334.490.872.220;17.645.367.188.099.500
5.819.614.675.337.750;3.905.643.558.936.260;18.044.519.731.825.800;1.543.397.906.559.340;47.881.824.111.229.900;1.151.553.526.694.200;10.923.985.918.036.700;51.076.179.298.679.200;11.559.945.052.937.300;347.437.743.882.664;40.091.458.971.435.700;34.110.264.099.519.400;5.137.598.313.616.070;1.539.001.436.397.220;43.144.569.402.465.500;809.460.700.192.283;9.428.393.809.476.620;8.360.231.456.154.660;3.205.471.294.835.040;6.403.811.284.640.930;12.887.452.955.585.500
9.038.344.942.660.360;20.917.387.452.997.800;11.068.877.998.887.400;46.647.201.926.167.000;9.061.051.113.952.180;39.849.117.112.012.400;3.606.210.566.836.920;4.449.467.996.446.960;11.976.296.358.695.100;2.850.428.032.469.630;26.586.472.387.190.100;2.461.454.149.719.490;5.545.344.384.788.360;15.768.291.629.746.300;50.747.886.109.923.000;3.366.293.398.891.570;12.539.642.792.136.200;24.577.960.492.158.100;4.483.562.237.511.640;8.482.878.886.564.430;8.579.676.539.619.030
4.088.975.451.750.760;3.149.144.804.169.660;49.924.210.775.992.400;50.314.560.516.649.400;34.678.719.270.316.300;40.818.560.510.331.100;3.941.362.016.432.760;47.126.728.596.446.300;907.118.684.970.331;31.439.716.712.547.800;7.253.849.445.639.500;3.419.744.830.257.300;4.141.972.874.863.380;17.769.759.303.094.400;27.669.964.372.580.000;36.302.741.579.682.800;9.448.639.807.034.500;9.562.968.148.033.070;4.948.022.260.368.180;1.542.913.713.228.180;23.165.005.428.285.100
1.254.007.155.705.140;2.268.776.737.651.510;5.257.396.293.781.120;4.816.855.335.780.910;7.430.055.156.096.110;2.344.795.213.230.410;21.662.835.968.532.000;11.910.789.587.617.500;383.747.206.751.449;37.541.261.208.186.600;5.805.615.674.107.580;6.515.157.087.520.480;632.014.203.163.431;3.201.666.540.496.310;33.734.588.999.716.000;41.380.871.462.386.400;1.181.123.278.257.790;1.288.412.901.688.150;5.089.306.146.852.510;8.599.595.274.796.560;21.365.559.811.050.500
5.279.476.544.212.440;7.630.967.875.839.710;4.137.622.328.803.730;11.221.360.038.206.200;6.552.034.953.059.220;3.122.105.004.443.580;2.516.151.937.861.790;5.731.439.124.810.190;1.566.861.564.637.270;1.286.945.108.661.400;6.594.993.341.200.500;52.379.376.387.719.900;6.031.554.157.385.490;1.979.583.226.294.400;4.153.976.924.919.550;3.196.113.870.593.950;17.394.416.163.358.900;7.505.162.276.731.210;4.269.252.052.063.990;10.111.311.749.233.400;1.906.692.134.738.860
6.326.323.514.212.980;32.364.355.290.937.000;19.747.363.013.558.300;35.392.716.425.531.000;2.590.265.121.423.330;5.860.057.287.704.570;34.318.674.684.879.800;6.150.897.865.497.280;24.163.180.128.270.300;3.837.131.830.583.780;5.776.844.011.283.440;214.654.302.960.066;4.111.083.116.399.870;10.897.415.133.802.800;48.262.855.455.445.000;3.492.810.655.903.840;17.873.607.140.256.400;28.654.009.080.554.200;4.527.517.641.219.910;16.657.298.393.902.700;19.757.031.523.592.400
19.514.358.891.619.700;3.292.646.198.662.090;7.697.699.975.422.880;21.108.385.720.374.100;5.406.305.229.907.740;1.993.444.409.379.940;20.878.421.792.105.300;7.587.898.726.133.640;8.140.417.265.285.890;17.085.030.503.374.800;6.669.225.878.931.110;30.382.541.262.145.600;7.207.990.119.545.250;178.800.434.414.857;13.348.175.260.406.500;5.334.582.614.286.410;1.497.290.465.451.460;34.406.302.766.832.500;2.710.538.143.151.150;8.351.312.175.648.420;11.472.749.671.049.700
8.548.521.885.864.430;684.755.718.437.259;5.976.673.442.510.200;3.398.838.138.930.220;7.445.908.793.001.930;11.794.813.851.014.500;217.550.140.813.284;7.094.506.259.757.190;763.749.754.211.323;11.290.407.485.238.000;27.601.852.306.743.800;12.800.052.110.209.100;2.882.809.453.351.810;7.073.822.667.901.150;1.902.174.741.533.600;45.981.101.720.461.900;1.901.395.247.035.530;8.046.261.109.875.420;1.027.647.232.797.760;7.560.238.686.739.130;15.927.721.352.853.300
3.035.413.082.069.660;2.564.676.949.563.370;4.297.246.102.454.170;2.312.247.416.920.100;3.306.279.376.988.400;751.591.442.290.603;58.129.504.406.146.100;6.429.627.323.291.370;17.466.816.944.538.400;1.488.953.632.103.890;38.192.354.515.082.300;6.448.003.707.900.870;6.228.801.475.885.940;1.384.964.791.101.880;1.911.840.133.804.430;18.128.408.511.551.700;1.411.951.290.452.470;12.991.741.679.973.300;1.786.298.849.098.910;3.728.328.135.521.490;1.740.853.804.683.480
7.659.991.100.713.100;1.654.186.967.644.360;3.827.405.413.412.380;30.224.471.270.713;7.323.752.349.157.070;17.114.859.414.636.300;9.069.206.269.122.990;9.067.973.024.330.180;1.443.997.739.043.690;37.181.083.372.529.400;6.264.796.323.150.200;13.916.058.308.015.800;22.836.297.829.813.600;3.970.849.030.498.670;5.389.735.663.776.530;20.957.083.627.151.900;9.018.576.547.577.180;3.164.206.577.241.200;71.701.563.366.588.100;2.451.951.616.364.290;10.508.163.177.388.100
5.324.574.895.648.220;528.048.418.146.398;3.165.750.336.685.510;40.229.506.219.311.900;6.659.116.517.649.480;4.658.180.736.558.010;13.093.062.685.836.400;3.642.087.958.010.860;2.604.850.372.580.380;15.113.552.436.017.900;46.056.928.082.925.000;6.319.611.925.925.620;5.160.276.668.834.020;6.201.381.330.933.850;4.970.224.043.643.500;34.180.505.970.463.000;10.503.565.211.628.100;11.797.143.134.392.300;7.577.287.183.165.550;37.623.250.790.941.700;16.642.594.006.401.500
8.916.548.827.667.030;40.816.847.776.023.100;2.059.267.673.437.540;20.627.350.097.937.200;16.763.445.293.784.600;24.009.459.091.066.600;8.779.051.321.499.780;3.516.636.547.730.790;18.195.140.605.886.700;2.503.588.876.620.950;6.265.028.947.305.130;3.561.159.089.521.420;540.343.326.259.333;10.102.141.800.226.700;51.256.216.755.711.900;4.817.396.743.575.680;1.738.560.199.378.340;8.639.791.151.936.870;297.275.724.650.937;5.871.865.247.467.500;5.485.073.887.986.400
26.999.331.481.821.800;4.483.267.908.366.980;518.169.592.583.632;48.501.465.463.008.400;1.840.614.720.000.890;25.968.572.927.708.900;37.209.437.548.631.500;4.491.076.773.340.760;8.688.694.682.251.870;2.821.790.545.512.120;42.076.932.680.508.800;6.236.813.051.093.920;932.929.042.527.318;14.829.119.614.412.800;3.548.292.685.099.800;3.230.835.710.531.770;15.059.958.295.897.600;6.886.839.330.717.280;4.371.396.527.666.470;6.548.215.176.357.570;2.617.795.519.466.340
8.828.097.739.069.350;34.638.491.632.369.800;17.980.935.255.819.000;5.341.002.600.763.330;1.407.675.538.344.420;23.816.204.764.327.700;2.199.267.079.344.530;30.339.977.994.483.600;28.218.106.705.396.800;31.531.071.758.006.100;6.644.274.620.018.160;21.241.840.871.048.400;6.999.011.157.747.390;1.949.335.853.922.950;4.018.403.381.606.400;17.065.510.289.933.400;6.829.756.659.041.800;9.831.447.353.175.600;27.509.566.650.510.900;6.095.753.883.562.500;10.604.645.193.989.600
5.889.303.875.453.240;5.106.538.018.879.210;543.757.483.944.026;4.320.926.440.010.930;9.224.313.833.588.770;49.410.518.033.917.600;4.165.717.136.513.600;7.606.962.875.024.160;10.502.316.354.840.500;22.358.001.530.762.300;41.776.107.876.546.900;15.713.770.290.824.600;9.607.264.378.944.740;19.254.156.136.727.800;4.146.646.969.527.800;33.917.017.460.555.300;15.519.483.323.061.000;13.042.605.196.180.200;1.268.428.578.512.510;807.620.833.713.991;2.110.786.595.896.730
42.022.082.918.631.800;15.038.150.993.305.000;4.286.319.760.662.370;21.814.614.416.181.300;22.611.333.055.027.000;32.814.016.765.314.200;34.494.351.753.226.500;14.507.503.871.741.300;25.318.407.222.502.700;24.085.192.132.076.200;45.532.302.364.397.800;4.363.673.823.793.920;9.282.430.869.762.970;18.840.161.752.697.500;4.681.645.737.157.880;4.256.068.983.601.520;1.466.701.477.520.690;3.488.570.564.903.100;3.432.291.036.910.940;9.070.499.924.869.040;2.172.056.569.784.270
7.648.682.910.005.800;5.325.287.471.946.130;49.924.287.859.240.400;3.593.884.586.463.160;5.492.054.761.975.000;12.974.740.120.503.600;15.389.815.421.213.500;3.527.742.316.636.830;3.059.666.390.299.140;3.160.155.553.427.650;7.324.770.678.740.350;6.147.126.600.916.730;6.836.330.467.912.560;12.674.250.284.929.700;4.679.773.136.405.600;387.479.232.280.833;7.924.610.282.971.120;12.812.563.073.818.800;8.868.181.764.028.130;25.188.648.173.063.000;228.692.163.128.363
8.615.358.026.198.910;11.843.036.634.609.600;4.252.878.770.958.590;5.039.713.132.452.320;2.430.373.060.307.320;40.360.879.262.903.900;9.249.113.673.953.210;7.830.505.480.126.430;10.121.849.165.830.400;4.132.405.428.834.360;20.058.630.626.499.000;0.6720367412155992;4.153.998.162.927.570;8.077.650.370.057.680;39.033.565.822.084.800;33.759.438.445.669.400;18.783.132.522.631.200;12.143.333.603.343.200;19.978.592.162.613.800;8.082.494.189.097.020;7.242.785.817.526.180
564.265.599.784.958;49.347.453.130.002.200;14.950.304.311.330.700;49.783.436.354.717.300;7.341.223.792.851.020;4.875.343.923.706.780;15.810.829.428.044.100;15.971.260.627.621.700;2.293.594.585.605.900;17.582.315.564.857.000;3.454.619.442.954.380;64.717.133.051.155.000;4.204.519.316.051.390;1.189.737.780.748.200;952.100.371.405.628;1.520.056.632.392.820;10.131.820.869.709.700;8.666.033.629.933.510;27.689.609.840.519.700;24.208.389.939.433.900;16.241.454.620.054.000
8.298.104.307.188.470;35.438.723.625.653.700;4.019.221.093.879.140;16.147.824.925.067.400;7.270.714.098.769.510;25.346.164.948.346.100;3.875.786.967.303.080;580.063.530.701.719;13.609.707.527.236.200;1.510.225.565.505.540;10.247.841.264.895.900;3.128.798.116.621.260;12.350.569.768.478.000;16.360.886.749.426.700;4.615.632.681.607.730;23.579.381.010.315.900;391.891.949.396.419;8.274.849.467.883.330;43.707.662.554.879.300;5.932.794.683.533.740;19.311.894.798.296.300
36.040.643.597.136.700;16.817.219.789.434.000;1.964.917.339.446.970;24.543.581.624.059.100;7.404.004.547.910.880;4.501.612.724.874.710;33.061.683.164.275.300;6.405.047.948.733.580;3.916.245.831.346.290;38.637.284.297.556.000;18.125.065.379.743.000;6.179.232.608.928.850;27.809.974.231.031.700;7.794.509.360.650.810;4.375.492.566.094.520;4.434.491.352.416.800;1.530.379.888.020.930;30.790.801.700.589.900;30.971.533.352.273.900;8.399.365.791.117.480;10.629.950.388.966.000
10.155.726.806.323.800;13.623.013.272.709.400;47.220.319.223.413.700;3.400.324.921.422.170;4.073.064.601.854.610;4.128.696.578.018.260;3.527.165.755.024.490;6.696.725.691.500.600;2.060.191.837.272.060;27.107.744.345.854.300;4.450.794.490.732.800;24.678.967.801.464.100;8.641.955.271.925.730;24.101.539.278.584.100;740.507.599.616.682;36.634.896.501.045.800;16.592.797.278.307.500;9.992.063.236.669.670;1.917.269.437.245.230;5.859.082.567.608.190;11.877.831.915.076.800
6.809.430.578.641.020;5.405.508.637.410.140;5.239.177.487.960.300;8.043.386.389.259.750;3.816.660.880.185.920;9.098.227.187.616.500;10.006.956.026.282.900;666.414.022.118.357;6.956.089.351.712.000;1.336.333.654.363.290;8.401.071.480.866.380;6.190.641.446.967.470;5.179.661.984.967.670;10.760.633.861.912.600;386.845.901.676.838;5.410.658.273.535.120;7.987.927.282.045.700;4.497.037.804.503.750;8.162.853.495.772.290;8.726.728.359.703.120;1.143.380.213.514.020
42.127.577.035.948.300;8.366.445.110.445.690;36.520.905.497.801.000;35.311.973.352.236.000;5.679.406.003.577.100;4.716.314.380.325.200;1.963.892.807.949.320;22.889.437.991.102.700;2.658.495.753.795.620;21.667.578.840.801.500;6.619.577.370.863.950;20.372.102.305.667.300;36.608.960.061.500.300;1.630.569.100.987.490;4.699.987.258.146.780;4.147.549.902.459.840;3.754.641.469.425.320;13.264.571.783.370.700;2.347.550.502.121.180;46.425.311.580.203.100;10.044.245.936.529.600
7.474.762.697.445.590;48.307.554.118.155.100;3.992.237.340.145.460;8.777.142.811.161.290;6.530.361.077.105.560;4.629.277.933.115.920;29.449.796.444.876.900;25.099.543.537.446.300;3.104.428.584.619.280;30.170.057.073.107.100;7.445.679.819.638.330;0.24243003126237517;3.655.686.850.464.710;19.606.440.754.471.300;15.522.156.868.992.200;20.366.649.869.466.500;14.650.888.833.103.400;3.875.258.979.875.030;22.050.806.388.734.000;45.976.479.475.998.600;11.207.271.412.570.700
58.277.990.312.540.500;27.003.213.317.495.200;3.953.144.994.773.960;5.262.044.511.462.090;14.655.687.540.140.900;3.579.349.898.971.810;20.015.375.196.406.900;2.729.113.371.985.270;1.936.603.543.293.150;28.684.845.323.204.300;6.693.943.055.797.690;0.1551423110503034;684.267.578.224.757;1.891.194.606.769.120;33.150.380.707.570.600;4.542.280.691.905.460;1.783.312.852.521.770;8.531.202.432.812.920;4.762.774.544.945.740;8.066.411.585.566.190;13.630.925.146.347.400
28.179.092.861.730.500;595.344.907.415.582;9.864.412.056.313.210;37.217.865.723.028.500;4.547.810.278.784.830;37.988.826.959.301.400;19.484.214.255.704.600;1.776.517.941.859.490;31.494.342.047.255.100;23.152.698.349.771.000;7.184.798.593.897.950;0.8394998117588032;9.614.661.449.583.940;1.693.969.536.312.010;53.752.404.000.449.100;2.072.852.906.453.330;1.756.329.346.664.700;7.378.061.177.498.490;2.408.166.651.340.730;17.366.574.071.809.300;9.149.371.203.998.330
3.573.770.572.827.780;3.930.539.168.818.600;18.094.870.020.372.400;41.639.793.836.936.400;8.946.509.352.214.910;15.540.833.070.672.400;3.328.032.740.838.360;10.838.362.385.343.900;1.881.653.162.040.920;14.709.008.787.960.600;6.782.748.596.494.410;37.797.069.875.909.700;7.690.552.195.752.280;50.492.413.077.556.500;15.116.083.521.133.800;4.344.788.474.969.590;4.578.726.857.728.830;11.178.822.482.766.900;4.992.992.636.290.110;21.045.664.493.901.400;11.097.425.899.984.800
9.048.907.470.754.600;12.709.520.548.455.700;3.674.052.745.916.140;1.058.443.671.909.530;9.144.526.439.066.740;1.959.823.187.490.220;17.002.954.891.433.600;1.448.635.016.814.200;26.795.313.346.021.100;13.497.479.951.694.500;6.536.087.692.479.470;5.664.650.191.411.190;9.473.211.972.501.650;19.323.722.906.457.900;8.862.476.217.497.290;445.617.266.956.992;1.494.597.859.828.520;4.891.661.532.837.900;4.113.296.731.528.780;804.385.834.993.676;1.982.778.121.735.420
759.658.917.764.289;4.558.723.107.159.940;15.778.544.951.564.400;5.282.153.823.644.090;15.437.156.042.208.700;4.386.006.645.849.070;28.807.757.829.407.200;3.993.482.970.594.220;0.7278495835593694;38.132.911.636.061.800;5.886.949.279.232.910;4.488.472.597.647.510;3.729.074.776.606.460;10.377.522.122.385.900;2.742.710.561.999.870;14.294.504.541.750.300;10.882.370.039.908.400;13.122.975.246.416.000;3.878.559.656.528.580;5.268.967.015.464.190;1.834.308.128.552.150
7.924.156.371.783.710;304.904.961.496.364;3.220.794.673.943.260;4.268.661.158.067.970;28.836.735.914.156.300;8.224.597.754.764.190;39.812.052.286.852.700;2.180.453.316.734.180;16.985.391.432.562.000;9.090.979.802.234.250;24.488.063.360.984.300;6.824.176.695.157.460;14.076.100.521.209.000;1.703.428.141.894.660;20.198.738.456.848.600;9.296.249.317.188.230;26.612.159.371.172.600;3.840.185.934.554.930;29.819.435.957.122.800;6.164.566.783.432.280;25.324.030.969.057.300
8.139.981.548.862.270;501.230.834.792.089;39.589.879.543.493.900;3.366.363.522.238.400;5.944.772.561.041.600;1.441.398.259.525.930;4.076.612.305.452.290;3.190.087.274.858.080;22.049.160.897.389.900;1.438.183.860.961.080;6.863.979.619.368.090;5.353.696.646.300.840;4.852.069.883.530.850;35.852.332.012.526.900;23.573.663.318.821.000;5.299.196.005.585.180;11.575.251.094.734.100;6.974.563.605.773.190;4.904.764.699.113.200;27.154.745.031.884.900;14.581.169.029.504.500
4.089.950.835.995.590;15.307.919.354.053.300;2.615.133.689.822.080;29.043.147.674.292.500;49.157.106.017.020.900;22.961.396.422.002.700;0.40243605883792943;32.056.292.087.000.500;51.403.727.014.831.100;13.131.183.792.910.600;6.589.942.903.982.720;4.452.630.514.707.600;41.738.807.766.369.300;19.389.245.375.232.500;2.640.437.855.309.980;9.787.313.384.819.150;16.479.948.072.896.400;10.670.467.032.109.500;2.874.405.298.932.260;7.003.501.732.280.520;56.830.898.005.535.200
48.086.554.296.220.500;4.939.904.920.036.370;4.385.502.134.306.410;24.391.107.908.442.600;6.866.310.814.554.280;4.289.022.593.088.780;2.423.903.514.071.240;653.037.221.699.143;247.581.498.158.073;25.092.410.574.171.400;18.657.763.194.136.200;505.164.165.034.794;7.496.622.248.648.500;6.154.741.779.858.890;4.572.540.449.774.230;12.951.518.471.433.400;5.401.838.500.658.760;11.057.452.732.090.000;680.562.876.508.835;45.550.408.875.437.400;2.024.289.219.254.850
9.040.672.353.065.440;3.187.303.522.380.140;13.788.938.331.367.800;32.620.301.913.621.600;567.308.923.076.644;3.791.481.557.152.000;406.589.445.076.536;19.661.099.012.081.900;19.643.849.909.719.800;9.262.617.897.180.770;7.113.198.786.012.760;623.983.635.626.643;3.423.124.674.691.330;14.131.666.588.690.400;2.588.462.455.499.430;12.012.096.352.015.300;24.610.661.502.243.600;8.270.377.433.775.130;4.881.184.562.524.160;4.032.144.977.698.530;10.507.896.234.239.700
20.037.282.101.600.800;16.839.696.675.646.700;33.372.532.670.794.600;33.206.032.768.113.300;32.949.272.163.344.100;50.332.894.994.808.800;24.028.310.794.539.300;24.529.141.615.940.700;26.017.299.066.593.900;16.447.729.130.532.000;29.182.319.421.036.200;6.453.368.942.375.680;5.889.920.244.242.610;5.202.605.719.217.180;5.646.748.522.301.650;554.484.777.120.618;7.312.103.557.326.190;13.124.135.568.588.600;2.802.751.304.619.520;739.387.569.199.562;17.528.514.884.843.700
3.557.635.651.394.090;8.182.610.623.983.210;5.720.185.033.938.780;50.041.643.625.754.900;8.468.385.282.379.360;495.946.747.760.392;2.080.233.083.864.880;6.845.730.284.540.470;1.454.035.431.617.580;21.842.671.295.586.900;6.910.493.202.776.200;371.456.715.666.242;5.688.919.383.043.200;6.438.003.420.460.830;4.589.910.117.061.130;4.696.580.112.026.760;1.813.485.909.213.140;13.157.652.240.295.500;5.200.943.090.812.570;6.917.692.400.865.140;1.653.722.858.596.740
7.824.830.508.293.390;4.893.053.184.936.400;3.014.403.050.875.720;16.338.292.046.412.600;2.498.300.523.113.920;5.874.985.738.962.640;28.764.560.266.067.600;5.950.252.964.223.140;2.501.471.488.256.820;29.226.107.573.710.200;48.279.669.646.633.500;3.892.416.842.669.870;6.418.498.406.294.560;5.987.353.729.947.540;26.376.126.409.752.800;5.642.275.494.900.340;9.904.071.774.696.120;11.891.407.575.993.000;2.936.835.216.177.530;8.144.927.051.017.580;9.101.418.784.505.990
15.623.746.128.381.700;12.407.377.344.505.000;389.081.017.024.165;15.301.138.820.014.900;8.450.486.750.198.710;8.386.292.203.392.990;11.104.513.783.853.200;13.921.484.350.871.500;36.652.976.997.370.200;13.665.909.607.381.100;531.739.459.335.225;5.402.426.224.469.420;42.036.651.007.111.700;10.411.787.128.908.100;4.015.581.041.676.520;4.010.883.099.478.570;1.657.352.457.241.910;8.201.234.356.109.830;0.17965026441661366;16.511.332.312.450.300;1.917.726.944.519.060
36.395.737.974.027.800;4.168.871.669.380.540;1.626.184.392.299.850;5.015.671.497.955.160;46.678.349.171.626.900;11.421.398.199.468.500;2.479.418.005.289.400;26.523.561.157.635.400;14.178.775.150.874.600;5.448.247.390.003.780;7.619.842.598.767.540;0.4515875441958028;7.131.099.072.693.490;15.975.859.124.952;9.384.017.626.184.710;12.228.265.980.078.300;6.307.653.348.501.150;11.070.541.682.636.700;17.376.800.116.110.800;5.650.023.307.623.030;7.582.654.650.880.490
2.849.717.603.070.790;5.874.184.401.519.670;8.692.285.040.162.830;4.582.452.563.863.430;5.511.007.290.168.990;2.977.475.333.141.510;863.302.205.972.733;18.204.657.941.289.900;34.147.282.951.200.000;15.949.601.589.595.000;29.609.375.391.892.800;0.8389514069684119;5.224.908.882.983.780;7.767.231.957.027.230;2.895.250.885.268.430;2.163.327.056.501.520;18.637.186.839.242.400;13.593.154.657.555.100;30.644.593.345.235.800;5.526.743.439.356.600;8.066.837.374.159.780
29.190.334.000.799.400;46.673.148.370.101.400;43.321.178.890.811.100;4.259.352.521.359.110;7.651.177.669.317.930;3.381.468.171.391.650;5.513.294.790.345.930;1.572.570.797.341.890;6.102.447.430.586.780;498.304.981.879.284;6.588.173.238.909.110;4.053.004.511.065.800;3.250.782.199.748.010;11.887.216.563.019.500;9.868.759.569.150.110;16.184.290.333.136.900;13.808.685.254.905.900;13.178.143.761.520.100;22.585.827.730.189.500;3.757.751.606.868.490;11.680.104.468.803.700
344.140.909.218.348;5.132.171.098.919.690;3.039.731.055.196.870;5.270.790.566.086.640;32.597.991.761.143.000;5.445.737.608.017.560;21.864.740.116.221.000;6.425.098.268.013.540;9.863.270.103.579.430;18.035.952.877.889.600;20.859.793.151.928.200;5.609.556.431.732.920;13.290.435.815.911.400;5.181.086.883.720.770;5.259.692.699.907.790;2.837.570.197.384.680;5.932.215.164.464.920;963.096.112.662.859;73.521.206.763.552;2.248.611.752.340.130;14.173.892.247.581.200
8.809.941.285.849.320;13.971.668.571.316.400;9.401.631.195.432.050;5.147.696.876.949.750;20.819.175.326.409.700;5.893.548.827.759.140;3.352.320.002.206.000;11.056.299.186.849.100;23.749.984.930.666.800;24.161.259.752.855.800;47.186.004.950.626.900;0.22351537729252086;4.111.747.354.846.540;1.575.237.803.338.190;7.539.863.060.138.090;4.001.179.818.716.190;18.500.783.109.566.300;4.718.887.154.208.080;9.892.474.592.228.700;22.963.606.211.544.600;13.976.181.510.098.700
8.058.529.954.750.300;16.913.629.701.308.100;18.628.512.555.158.000;2.608.963.429.106.170;9.196.512.029.343.970;33.693.385.005.276.600;4.019.665.877.101.590;5.253.341.024.831.310;20.506.469.976.559.900;27.494.115.695.615.800;15.500.694.358.227.200;16.716.642.445.564.100;8.511.446.471.402.540;14.485.247.193.110.800;26.804.639.219.336.200;5.601.206.813.952.810;7.397.771.137.680.760;5.769.777.815.614.800;16.022.206.568.640.800;8.953.464.431.470.180;1.291.335.165.647.030
744.519.283.123.188;11.286.304.624.742.000;30.443.398.518.799.200;23.668.309.135.684.700;587.518.984.715.748;6.280.074.765.232.620;34.453.965.949.895.500;40.637.651.223.038.000;18.081.920.296.886.500;3.213.181.765.030.050;13.227.821.204.824.800;36.182.211.662.607.400;54.479.071.641.129.800;19.908.371.297.387.100;2.479.667.676.026.520;4.534.842.588.713.580;5.301.088.119.468.230;10.213.351.896.139.200;30.096.189.263.273.100;9.207.958.383.738.360;12.282.793.678.544.300
17.647.669.404.381.500;15.291.557.838.988.500;4.475.803.490.685.340;23.997.840.532.548.300;5.444.261.900.025.020;20.591.619.171.039.400;1.523.692.928.803.870;7.953.306.056.951.490;22.551.367.965.958.500;36.903.981.088.363.500;40.871.279.191.380.000;16.810.454.850.512.700;29.553.862.628.653.500;10.654.232.871.507.300;3.027.771.362.266.640;26.837.984.976.284.600;665.433.933.937.842;8.441.000.205.891.680;11.341.218.300.145.800;4.355.187.382.079.000;17.839.646.334.095.700
17.725.716.911.317.900;15.817.522.343.987.600;265.658.809.505.471;16.540.305.382.135.400;9.280.935.366.613.900;6.101.128.857.130.460;22.191.870.389.771.300;2.624.654.926.850.680;15.794.794.268.309.300;26.585.168.949.439.100;49.464.231.415.574.700;5.743.353.727.738.520;5.926.543.866.024.490;1.288.205.391.416.920;2.688.712.945.496.080;480.010.877.506.034;12.755.806.664.875.800;28.302.215.014.017.100;4.645.140.555.097.810;657.301.548.816.411;22.728.930.983.854.400
678.373.557.081.363;18.848.619.639.524.900;12.323.658.613.680.100;22.338.468.976.077.300;14.890.717.227.197.000;7.431.799.091.088.120;14.377.401.222.105.000;2.602.889.032.571.720;33.722.220.385.003.600;7.095.218.463.097.140;6.973.814.080.406.650;4.667.412.749.179.970;17.963.554.402.744.400;1.934.164.979.361.610;4.340.831.622.026.720;3.498.533.573.487.850;17.679.446.532.123.000;7.816.469.944.228.870;4.138.251.041.195.630;6.238.331.447.435.460;10.985.602.215.064.500
6.271.975.879.603.300;6.388.850.325.847.060;46.765.960.980.026.600;5.391.056.024.933.040;8.009.310.641.731.420;18.070.091.808.521.500;388.414.082.913.394;7.720.725.908.632.860;3.185.476.028.723.550;13.430.876.000.024.900;6.593.883.430.439.660;31.369.189.601.962.000;21.761.812.262.174.100;3.673.509.631.578.850;14.198.395.005.783.300;16.237.350.143.971;11.682.353.179.980.300;11.382.423.423.287.800;26.353.308.872.267.500;1.382.318.480.712.850;13.858.848.200.889.500
34.755.376.430.162.300;5.623.255.204.242.930;5.338.915.401.628.110;14.051.162.808.934.600;5.105.355.796.397.710;1.584.617.606.525.780;22.078.184.285.938.800;46.916.602.002.216.200;1.119.375.898.811.650;58.501.785.644.552.000;9.963.236.797.960.690;13.195.483.353.954.000;5.488.725.344.681.440;686.601.206.158.453;25.355.289.129.404.900;5.664.425.186.462.380;6.728.763.617.082.700;12.764.072.259.628.100;2.092.021.345.381.520;46.066.323.171.503.400;971.269.182.160.993
8.814.812.846.221.770;5.174.334.880.474.250;49.070.054.546.033.000;23.123.366.059.267.200;205.015.410.614.683;7.202.612.656.679.140;2.768.733.814.645.710;7.919.357.887.376.310;1.960.155.821.733.980;3.031.904.268.049.290;11.627.641.414.024.600;10.606.961.347.909.100;47.813.338.004.618.500;1.891.139.525.887.360;2.766.276.620.416.990;15.176.645.541.313.600;13.236.356.926.713.500;11.812.818.448.583.700;5.325.470.570.647.520;5.945.917.003.569.510;22.480.244.791.831.100
14.750.001.786.613.800;5.002.890.060.187.450;453.742.174.036.834;25.168.024.331.342.200;8.175.307.731.916.820;6.074.803.374.039.100;2.843.396.585.770.020;7.469.037.801.913.220;22.219.383.110.698.600;35.599.470.355.207.700;3.180.615.398.954.410;2.094.880.531.697.910;16.265.113.597.552.900;9.586.137.139.458.650;3.465.276.372.203.130;4.553.766.009.219.010;162.596.226.970.675;11.967.897.547.444.500;7.097.730.339.199.640;4.039.652.320.042.490;13.340.281.982.470.900
2.882.423.252.218.550;2.137.288.135.209.410;3.849.897.543.334.460;18.675.981.919.970.600;6.202.304.249.740.830;19.953.646.762.630.000;20.645.116.602.134.000;5.380.211.091.475.320;3.289.487.720.141.620;27.521.072.666.246.000;5.632.684.845.418.960;3.014.658.449.195.640;32.204.341.863.614.600;18.077.403.977.850.800;37.757.304.220.986.600;490.434.792.385.585;11.705.949.414.080.400;648.949.590.816.745;4.276.868.000.008.560;35.388.431.316.466.000;18.606.260.354.195.700
58.006.614.532.832.100;1.793.262.314.426.740;25.000.889.150.655.400;24.499.339.721.119.200;7.410.493.301.401.490;4.093.920.661.679.100;3.690.998.823.180.840;27.716.656.177.998.200;3.175.535.156.585.740;30.848.506.211.362.000;6.767.541.426.060.430;12.621.331.745.993.900;7.939.287.155.395.930;6.432.170.219.166.870;2.669.923.680.056.490;33.370.645.585.810.300;12.297.491.920.123.100;11.008.976.716.148.100;4.357.057.515.192.850;9.241.326.953.061.010;14.368.759.176.358.800
35.434.880.278.759.200;5.537.205.536.073.300;6.533.077.887.987.360;3.569.585.694.984.090;6.360.818.185.727.400;5.535.144.969.332.160;8.681.118.906.957.040;4.789.023.520.011.880;7.425.586.649.271.160;25.701.563.282.831.100;6.403.061.684.252.890;5.661.675.969.583.310;9.044.569.053.222.900;57.429.012.576.949.500;12.056.105.148.594.600;5.660.410.298.446.960;1.787.200.084.564.060;28.028.346.099.877.700;10.564.457.467.459.900;7.825.472.831.720.730;11.905.228.051.047.800
30.696.156.632.623.200;17.189.495.299.410.800;13.142.419.463.662.300;5.225.654.541.457.370;29.618.804.164.576.000;4.486.985.955.293.000;29.488.111.621.645.200;25.846.878.899.105.200;10.321.824.164.861.600;22.742.509.490.395.400;15.265.425.489.492.200;39.108.191.103.117.700;7.356.982.227.456.760;1.362.236.246.494.230;465.665.221.143.875;49.392.735.541.324.100;8.704.285.405.521.040;9.815.657.795.490.360;3.883.823.759.902.810;6.265.333.008.818.600;1.416.507.430.356.210
13.492.345.255.359.300;4.961.061.930.597.740;4.075.454.374.761.630;46.389.029.716.161.800;6.866.400.125.518.480;5.722.831.296.587.360;5.430.093.129.540.870;5.262.116.325.288.390;10.292.125.165.512.800;12.252.832.397.198.000;20.975.133.395.928.800;170.094.299.315.696;6.789.985.701.269.480;8.817.289.884.541.290;3.327.600.605.758.890;3.393.195.040.904.610;8.068.819.125.360.250;2.556.736.148.345.650;25.700.679.201.992.600;6.044.319.605.962.010;14.146.316.775.918.700
43.057.821.687.140.900;40.726.459.006.503.100;2.847.877.104.112.530;49.086.145.300.103.200;8.434.024.310.386.100;32.566.329.906.203.500;3.109.173.466.354.960;47.902.827.531.458.600;2.484.876.034.025.630;24.112.442.276.314.800;894.896.071.393.467;4.165.938.462.026.460;9.603.055.476.483.020;18.790.061.123.691.600;6.316.475.437.278.730;4.919.789.135.500.600;9.835.819.711.762.030;45.205.105.674.098.100;43.866.013.822.721.900;9.893.920.954.959.380;1.954.041.312.407.370
2.175.725.865.039.030;2.703.678.800.423.200;6.025.543.202.714.480;27.107.336.896.008.000;8.655.759.511.670.900;5.936.110.883.518.630;3.864.350.737.482.820;5.204.845.563.867.790;3.044.581.537.763.120;343.873.331.536.074;52.889.734.260.042;10.752.063.236.643.300;4.242.432.175.939.780;29.849.929.083.052.100;25.906.796.515.459.200;5.383.039.474.444.500;12.132.230.950.850.700;6.389.864.291.240.810;316.864.918.501.594;7.049.241.569.800.370;10.749.480.957.029.800
5.641.541.066.305.790;5.748.243.710.347.660;27.149.391.900.819.100;25.797.330.609.067.600;1.967.578.713.141.800;4.516.100.334.687.810;13.694.461.648.421.700;8.655.414.799.605.270;1.549.466.572.203.880;17.015.930.626.251.400;7.347.472.496.159.210;17.739.904.001.369.000;6.257.192.136.283.880;10.505.825.234.455.800;3.665.297.571.555.630;8.605.658.929.836.840;12.117.321.807.722.900;12.444.569.982.427.800;47.519.264.694.952.700;32.253.540.936.685.800;16.909.414.422.691.000
7.622.912.157.761.030;5.802.730.765.957.490;1.718.329.690.032.210;40.670.158.338.565.700;3.998.598.528.088.260;37.074.133.258.887.700;298.666.798.534.462;4.024.739.765.986.380;11.577.939.334.408.500;17.891.975.613.295.300;6.209.987.549.143.530;0.6646359363004378;6.176.285.718.688.800;12.293.126.550.871.600;30.821.218.599.994.200;28.150.577.646.952.500;14.003.799.974.501.300;8.176.992.220.027.590;20.303.146.130.812.700;6.228.943.373.308.700;35.179.794.715.734.200
7.264.569.793.661.640;274.221.769.743.375;5.237.485.266.834.130;3.482.060.823.638.880;14.432.011.267.881.000;6.256.869.767.074.730;15.036.727.083.472.000;2.893.503.164.206.480;9.536.302.122.307.910;35.814.588.635.888.000;7.347.214.356.587.410;0.13343494648634047;9.216.525.150.149.970;56.071.171.242.011.000;14.793.534.723.462.200;27.168.877.054.239.200;11.063.621.018.288.000;40.966.459.061.058.300;27.665.069.255.239.600;8.747.700.412.426.340;16.173.624.287.912.600
11.467.392.195.072.700;5.894.410.663.411.550;2.281.313.860.868.390;7.573.916.013.096.540;5.683.864.176.477.160;18.545.640.575.781.900;14.245.891.893.739.600;60.545.422.711.906;2.241.067.866.282.110;3.508.146.218.901.920;31.386.045.063.157.300;2.509.640.792.644.820;5.951.158.654.906.200;183.352.686.009.634;36.946.852.310.842.100;45.951.597.962.795.000;8.625.220.626.346.790;32.449.663.510.324.700;45.680.503.826.554.600;12.699.201.007.778.400;115.467.843.071.993
33.849.068.445.551.400;207.664.978.659.863;4.943.977.499.887.790;5.446.398.450.033.680;34.736.391.620.666.600;3.355.085.680.104.140;6.974.133.058.848.150;7.539.129.259.319.800;8.186.094.755.143.330;20.204.738.439.679.900;33.482.353.097.642.300;2.947.499.977.892.390;556.613.606.313.599;20.303.977.457.954.100;45.904.823.109.790.800;2.505.163.884.725.890;11.479.938.857.618.000;8.516.377.862.411.270;3.970.328.698.425.310;8.715.347.745.146.660;14.913.970.601.069.200
135.030.919.426.195;2.901.620.838.191.970;36.778.399.723.602.300;44.424.270.901.820.800;39.988.804.319.281.300;23.796.324.341.872.800;27.193.994.648.797.200;5.491.635.505.713.390;2.652.786.923.597.930;2.832.747.097.610.890;7.173.458.299.763.660;4.865.026.627.507.620;10.309.433.129.103.700;14.580.569.510.741.000;33.625.206.703.782.100;24.779.396.689.693.400;11.727.722.312.436.800;8.077.001.808.663.800;16.048.908.951.281.200;8.074.594.018.364.540;1.825.935.069.921.380
3.445.832.730.609.090;4.136.711.788.846.260;4.336.403.104.147.810;33.784.289.133.731.000;16.876.382.143.649.900;5.443.423.921.044.340;12.451.737.401.468.700;27.122.524.854.148.800;1.721.704.606.051.380;11.731.805.979.024.200;5.772.846.323.876.780;34.098.763.683.062.100;15.429.446.366.043.200;14.354.483.968.865.900;3.569.911.094.054.480;3.961.385.239.387.120;1.842.037.328.878.690;53.307.853.340.041.900;33.188.779.128.370.700;8.765.445.369.160.400;1.504.638.561.836.830
9.157.310.010.192.170;44.537.809.429.080.600;17.374.069.762.758.900;16.886.784.792.509.100;2.103.113.690.782.970;16.169.697.448.253.200;20.551.519.349.705.900;1.764.113.974.505.360;20.669.872.798.900.500;15.543.692.577.661.100;7.183.216.972.932.160;4.457.573.848.888.580;9.198.221.148.380.200;3.583.282.137.867.260;53.931.115.018.273.100;5.213.981.815.143.160;26.754.436.348.732.700;29.152.812.694.631.800;19.679.432.978.924.000;4.398.934.243.494.300;11.153.390.713.725.800
44.865.020.431.978.000;2.968.938.309.866.550;430.389.850.468.674;46.676.857.611.383.200;9.240.300.242.069.080;5.575.287.507.455.400;2.227.797.586.593.570;20.072.491.955.999.200;21.465.487.558.262.600;7.352.230.889.408.350;3.048.005.608.879.590;30.259.337.617.426.100;26.246.483.358.456.900;14.627.597.065.537.900;4.620.338.469.261.620;23.275.608.260.388.300;6.750.143.625.182.240;11.674.479.523.876.000;5.275.668.322.134.000;2.580.251.808.719.990;18.725.997.849.666.200
7.324.403.509.426;10.072.306.963.297.800;531.726.102.857.678;24.812.733.120.246.500;5.375.408.305.906.320;3.213.237.708.295.820;10.669.867.222.957.000;6.653.074.577.677.200;3.206.153.302.769.040;3.028.870.626.332.070;19.847.930.973.858.000;1.991.872.577.777.860;6.616.261.260.169.790;5.952.866.098.342.500;0.8889861198582838;551.359.671.565.291;22.620.712.289.385.200;7.746.250.286.917.780;4.528.071.470.368.240;6.198.202.778.604.790;17.116.934.670.312.500
1.061.001.989.458.900;6.142.300.680.928.580;2.208.605.981.737.500;35.591.732.057.574.400;7.821.786.554.310.780;3.287.544.287.490.280;9.188.061.410.944.520;8.003.387.035.421.130;1.359.898.486.923.590;301.256.561.637.884;21.518.338.445.650.300;6.574.852.975.098.270;7.892.837.756.904.890;666.574.849.504.887;4.548.352.055.349.420;37.663.554.192.549.800;15.969.915.710.056.100;11.730.019.905.509.300;22.582.276.108.768.900;6.512.363.574.075.880;16.095.401.043.947.000
12.148.233.928.995.300;23.610.392.781.786.800;32.794.260.830.634.600;26.894.645.079.803.300;20.875.164.555.138.500;34.030.214.299.944.100;21.556.372.866.406.700;44.299.886.206.001.400;2.611.603.651.119.380;10.183.912.214.031.800;11.515.647.795.154.000;20.371.276.273.786.800;7.778.911.929.101.600;3.962.956.026.470.960;22.884.467.644.831.900;4.473.368.476.829.410;14.895.028.888.461.000;3.938.400.097.530.140;15.453.708.333.782.200;5.236.254.372.046.110;3.933.547.079.991.630
823.380.848.052.831;5.426.876.446.717.830;4.346.332.843.834.780;5.298.196.818.109.950;5.959.380.636.149.060;6.012.201.925.642.570;2.818.742.836.867.410;5.405.266.348.692.800;27.119.032.628.298.900;12.538.929.032.967.000;2.348.485.042.595.300;2.016.069.308.454.790;31.516.369.948.468.300;18.647.354.098.515.700;3.598.557.525.239.640;5.245.219.255.064.580;5.374.203.785.824.540;3.380.679.676.009.980;9.932.683.508.126.760;21.234.588.654.421.600;18.296.862.634.013.000
15.314.318.908.224.900;6.812.864.297.122.230;41.469.912.089.996.200;3.197.804.275.835.530;7.565.221.082.490.860;386.186.766.292.886;21.412.809.101.387.100;5.906.802.354.247.450;248.216.212.072.897;3.292.258.973.616.700;4.047.117.562.087.240;5.889.652.788.786.940;832.109.619.794.919;23.916.666.199.868.400;4.919.894.359.636.250;18.811.952.393.831.400;17.964.755.862.140.000;7.090.945.013.633.120;5.503.267.610.338.080;6.239.398.469.661.420;1.746.949.806.843.470
587.745.277.864.686;36.706.912.164.902.700;20.062.936.967.033.300;38.277.562.321.970.100;76.653.012.502.267;21.001.547.792.586.100;8.309.496.159.737.700;29.167.411.003.347.800;1.384.875.174.192.910;37.960.927.207.377.400;5.585.559.462.311.600;4.653.503.073.030.840;5.983.926.995.415.440;1.908.949.560.144.210;2.353.100.057.946.860;40.815.279.764.940.600;15.253.757.018.989.500;5.314.313.528.703.020;29.066.835.592.573.000;5.834.956.739.650.280;10.800.503.968.708.100
4.065.704.410.333.990;30.690.710.562.017.800;2.574.244.548.254.760;37.234.404.353.855.100;5.185.980.943.905.090;11.919.720.538.661.700;15.921.131.964.696.500;3.567.803.086.750.890;18.613.344.612.782.500;6.814.638.330.442.740;6.550.224.973.559.300;3.051.932.412.039.650;4.080.565.754.614.960;16.320.011.147.905.200;31.682.037.481.801.800;653.386.152.933.454;12.518.635.077.991.900;9.095.055.548.149.310;19.914.502.323.886.400;5.182.019.318.358.060;11.715.182.432.872.500
5.167.462.143.326.160;5.191.206.714.500.710;7.884.449.648.173.520;3.003.064.027.586.940;2.160.146.814.938.440;13.681.185.889.701.100;37.750.329.418.598.900;25.602.095.573.686.600;2.206.404.997.201.700;16.733.547.264.383.600;3.810.220.961.080.300;4.055.910.861.954.450;5.144.802.862.480.470;11.208.966.270.740.400;9.896.171.201.201.040;21.911.014.593.042.300;12.968.645.859.438.600;967.714.441.475.694;3.949.918.997.578.690;7.717.207.691.197.020;999.244.662.921.279
4.583.164.427.354.000;12.075.850.567.555.000;44.272.860.143.596.500;4.527.926.855.586.720;8.401.071.320.112.250;5.262.625.166.654.900;15.150.287.616.836.800;6.978.864.336.031.460;73.039.821.450.597;14.904.343.055.424.500;6.677.106.696.107.610;0.12532454315118383;20.212.462.884.464.500;7.489.330.015.232.830;480.020.818.511.856;18.515.603.307.206.800;17.868.433.177.499.900;14.225.418.987.180.400;22.647.105.512.938.000;7.048.497.170.189.020;1.228.799.858.122.190
41.991.433.296.079.600;269.648.642.488.253;356.659.010.942.632;4.438.461.034.746.960;2.352.711.867.753.180;5.499.576.761.055.970;26.701.148.440.982.200;10.064.424.568.788.800;20.355.120.895.935.000;2.267.739.954.838.870;7.482.447.951.981.200;0.347444628629032;9.361.532.750.499.830;2.857.311.587.051.920;11.290.395.321.126.600;3.379.626.538.854.180;29.195.735.734.107.600;5.744.093.139.604.960;36.295.481.783.064;30.393.727.933.633.500;8.760.804.511.651.000
6.939.668.641.977.820;1.269.981.515.559.040;17.924.112.043.440.800;454.759.241.510.722;804.715.206.672.218;50.957.685.005.483.200;3.907.806.776.723.640;3.204.359.454.142.620;195.267.825.943.258;10.253.779.587.540.800;2.879.849.708.784.480;3.893.954.217.147.470;20.944.178.957.219.500;772.019.282.639.074;1.922.621.319.766.000;9.996.154.061.132.430;7.307.196.750.508.870;1.349.622.198.861.070;372.830.000.130.186;8.665.683.588.862.960;1.179.377.704.484.100
9.065.592.722.709.800;32.344.424.782.051.700;24.351.474.495.331.100;22.516.605.347.161.100;5.386.801.176.651.830;31.285.397.116.758.900;12.315.496.590.828.400;4.533.434.534.958.410;30.354.296.955.346.700;38.156.322.760.618.500;3.104.337.770.849.520;4.454.433.892.072.210;45.134.691.613.979.300;15.645.228.998.126.000;11.757.632.022.071.800;4.932.190.762.627.430;1.503.522.450.299.720;11.457.746.596.544.500;4.540.629.953.619.070;18.011.462.183.827.800;1.633.181.052.189.650
44.908.499.874.197.500;569.730.470.675.728;3.898.587.600.770.930;2.181.129.405.914.690;3.379.526.682.672.860;6.158.916.380.048.580;1.073.554.503.153.590;5.347.339.391.450.320;1.401.253.373.729.830;384.898.431.785.736;9.984.595.573.042.110;4.370.729.223.861.960;5.790.912.531.641.770;6.275.086.288.486.590;4.555.579.736.347.820;47.696.391.660.237.400;6.171.120.639.823.340;35.918.357.827.212.600;835.048.165.355.233;15.842.144.587.635.700;2.158.557.434.741.050
6.770.892.408.021.970;5.712.453.565.529.970;1.341.011.011.665.320;5.226.666.886.026.640;8.225.002.996.085.240;3.187.774.283.587.930;31.297.567.206.859.100;3.656.017.752.164.370;5.672.387.041.260.090;5.446.978.896.037.810;4.460.903.972.188.090;5.602.897.268.004.810;5.904.495.189.651.640;4.946.606.728.515.120;362.976.906.740.495;45.997.167.674.349.400;31.507.019.476.341.900;9.388.314.889.276.890;0.275520601556145;7.137.521.517.245.620;876.737.515.739.585
24.000.422.699.798.300;3.100.233.150.870.010;21.020.017.436.795.600;3.330.929.745.906.250;5.296.105.918.444.710;16.130.588.484.153.500;18.573.398.464.771.600;7.760.755.409.198.480;32.753.284.238.759.700;36.409.111.374.740.100;3.005.398.105.255.530;45.237.870.528.989.200;34.822.290.524.834.100;679.457.047.236.506;5.411.708.542.555.220;7.924.473.163.124.060;4.067.184.897.083.860;2.286.467.572.399.380;4.696.654.149.136.190;6.141.086.326.464.150;1.606.081.910.196.670
4.197.157.986.321.230;4.595.068.339.345.570;6.113.271.923.762.270;3.643.177.163.974.710;3.539.752.249.304.530;42.892.668.680.820.200;14.642.637.768.967.400;5.447.203.705.366.770;23.241.704.030.023.800;30.278.446.139.372.800;7.071.444.382.541.170;22.820.559.455.348.000;883.798.090.143.022;1.957.548.490.334.730;30.131.193.100.610.100;4.641.318.155.051.320;6.368.831.927.891.490;1.301.539.193.343.760;37.228.457.953.745;3.649.566.757.797.850;18.802.589.487.745.000
11.303.800.579.990.300;274.600.695.382.315;5.622.691.846.484.410;4.537.891.964.498.990;44.463.469.810.583.100;9.316.496.312.531.340;3.397.661.371.684.160;11.846.911.974.917.400;10.030.615.605.565.000;38.278.720.406.429.600;7.396.470.685.820.080;2.281.781.705.191.760;7.318.679.762.606.970;901.580.469.273.089;35.640.637.378.451.100;4.408.323.559.498.800;17.280.791.328.294.800;4.011.992.070.155.500;4.821.428.743.143.560;5.242.684.036.781.190;23.071.518.215.776.500
16.249.971.984.128.200;3.318.971.623.914.620;2.733.575.831.774.160;5.332.770.642.311.210;6.829.424.846.590.410;5.998.712.202.158.120;28.398.647.400.964.900;10.723.685.299.501.000;4.854.988.354.905.750;2.600.934.498.842.190;38.011.011.996.813.900;0.368871317948728;35.515.674.822.752.700;924.589.294.023.907;53.581.787.244.180.100;15.835.494.606.263.800;1.327.786.551.400.850;8.473.286.761.013.690;43.083.855.229.250.500;4.766.580.533.624.450;9.019.650.058.072.650
3.555.997.868.777.810;4.358.477.782.528.160;3.264.603.137.886.650;2.732.153.301.846.630;9.433.502.790.289.070;30.806.761.552.229.500;10.855.922.879.718.700;4.341.572.646.908.980;2.738.047.825.359.780;12.088.749.884.400.500;6.447.385.801.805.680;56.184.823.419.116.300;5.288.868.452.872.850;15.707.502.745.395.800;5.073.446.573.726.470;34.005.149.909.022.200;4.815.929.746.252.200;10.433.661.624.967.800;3.860.508.705.492.160;3.386.776.075.619.490;20.474.040.035.402.900
4.989.594.267.957.180;3.114.694.076.948.350;49.096.159.812.543.100;3.881.717.941.879.870;29.042.430.551.390.300;1.576.148.222.898.010;22.110.702.807.461.700;7.361.837.599.388.550;3.044.490.063.494.800;4.177.259.648.714.640;3.631.942.981.200.000;6.594.566.265.051.210;6.488.912.332.733.900;13.540.052.930.645.200;7.368.693.909.976.580;986.822.053.979.101;13.136.492.649.074.800;1.231.590.308.281.360;31.217.702.827.635.500;384.713.080.118.046;17.655.996.518.937.400
8.240.908.518.148.240;25.114.808.305.169.600;4.140.757.342.177.690;39.452.414.850.065.000;21.417.668.113.490.800;1.930.294.975.374.280;1.706.971.085.834.190;3.745.975.797.493.720;3.067.938.400.339.030;9.387.211.352.093.770;5.386.364.401.760.200;5.599.534.606.658.320;6.488.970.882.847.410;26.296.069.714.413.000;27.354.450.736.851.600;7.722.962.855.849.600;1.337.927.608.611.490;9.079.578.535.590.630;4.166.981.352.226.550;7.160.345.581.654.720;16.911.838.742.312.000
31.140.030.231.861.600;4.550.086.640.842.260;522.448.364.792.228;4.507.724.840.554.620;5.775.672.269.696.750;4.448.063.037.694.100;41.427.505.413.499.500;5.580.970.879.367.060;3.386.894.574.775.350;33.621.950.971.255.300;43.983.423.899.797.700;14.950.397.343.920.700;8.359.008.468.902.290;10.039.654.121.878.600;2.649.204.686.091.270;32.557.156.053.915.000;5.746.317.640.653.590;10.580.341.102.757.200;4.466.469.005.342.760;2.070.484.829.268.380;2.218.024.222.437.470
37.331.750.182.962.400;18.442.779.604.390.100;4.459.655.337.007.610;5.033.207.380.514.890;31.858.104.675.481.400;8.663.829.349.271.980;23.535.364.475.165.300;14.635.788.689.009.400;7.889.466.304.980.190;40.616.807.803.803.700;6.802.394.593.499.810;32.589.167.887.370.400;7.466.649.417.277.790;13.357.372.743.920.900;1.554.492.416.104.680;22.890.850.944.213.100;17.647.687.921.443.700;62.608.068.728.615.100;34.418.550.828.837.500;5.421.751.012.500.530;1.361.897.500.148.120
4.773.687.490.239.160;16.191.966.428.200.500;44.158.714.444.676.800;18.392.767.190.438.900;3.832.984.418.954.500;234.966.018.130.387;20.610.576.934.209.700;45.166.943.172.207.000;16.015.651.232.995.400;28.148.792.069.104.800;5.596.903.490.361.670;4.612.056.411.836.260;8.373.789.022.744.520;13.416.172.736.635.500;3.256.724.199.426.620;6.104.659.324.995.070;1.864.417.700.761.950;7.687.295.599.435.020;4.287.495.593.445.040;23.032.723.497.248.300;2.130.723.140.849.750
14.695.905.841.735.600;4.377.391.044.773.690;946.560.704.970.908;8.773.580.552.784.340;8.636.211.229.240.010;32.938.809.578.518.000;10.159.015.466.308.700;2.754.986.961.958.110;23.158.399.554.915.100;3.298.669.180.365.880;1.715.484.476.668.380;0.29304606926055793;2.599.935.887.078.420;258.384.495.074.757;3.563.128.550.306.240;3.590.776.882.411.600;8.960.686.370.939.870;3.220.914.198.301.770;4.580.699.993.016.410;3.152.217.059.792.210;650.326.998.509.199
21.204.495.219.902.100;45.206.613.033.529.800;4.319.318.749.099.590;1.668.611.998.161.480;5.444.250.464.572.340;21.528.770.339.346.600;33.206.234.355.959.700;27.721.384.282.476.000;6.112.795.912.899.510;16.803.467.757.363.400;1.035.682.743.482.090;1.870.360.166.239.740;43.886.457.082.499.200;11.928.348.642.126.500;20.118.235.923.401.000;532.644.727.568.977;209.791.190.997.538;3.588.149.052.273.460;19.037.055.426.379.800;5.214.367.001.777.710;0.27980476856726666
5.287.355.293.797.410;1.690.685.172.503.160;26.137.425.917.016.500;21.309.814.766.301.700;11.233.928.711.800.900;16.712.980.308.666.700;30.881.389.088.012.600;345.512.270.096.829;3.540.644.212.282.060;32.003.665.682.844.600;6.978.195.185.618.730;4.743.577.311.388.670;8.193.101.362.855.200;7.748.326.662.633.350;50.433.609.512.753.300;20.208.245.647.709.800;14.591.749.889.030.100;8.383.050.602.550.160;1.111.989.550.735.750;3.059.355.054.001.960;1.928.199.943.472.690
5.526.256.888.505.010;9.569.600.190.186.540;9.626.966.106.487.040;5.300.616.766.732.680;5.262.717.089.713.660;12.156.581.336.877.600;35.717.323.636.731.900;1.994.813.092.149.810;10.062.507.376.224.200;1.503.584.504.608.920;8.217.578.401.021.740;10.323.331.027.636.800;569.382.909.374.146;18.562.576.772.326.300;6.296.334.728.622.270;3.099.979.801.388.390;8.657.115.133.331.250;7.437.946.855.647.170;15.218.991.157.049.200;49.729.316.489.495.200;12.246.251.693.535.300
11.601.384.341.261.400;5.664.133.206.982.790;9.681.164.310.576.470;4.770.535.191.492.240;5.872.308.657.871.540;44.511.203.767.320.400;42.387.256.482.185.600;6.705.556.631.640.270;1.648.963.945.066.730;3.389.442.935.891.990;6.078.523.739.711.530;5.953.375.888.556.860;5.121.577.936.396.860;12.300.745.330.413.800;13.721.439.993.970.600;5.227.149.954.525.850;12.381.296.376.338.200;4.746.686.430.290.140;0.269030900608677;22.202.238.028.321.600;21.787.587.288.876.600
6.964.443.020.314.090;6.957.347.146.797.320;42.204.140.299.098.600;1.610.632.218.706.190;5.447.504.739.140.360;4.110.327.705.902.260;9.779.608.572.114.060;760.846.358.529.063;2.966.702.099.044.000;3.754.850.873.817.520;3.700.590.736.903.150;23.479.324.986.559.500;6.573.140.239.604.100;8.715.323.904.159.340;20.420.466.245.836.900;4.787.295.320.594.390;23.170.434.870.605.700;0.8310714642145722;3.750.221.396.175.210;2.202.354.990.408.080;19.066.345.641.835.800
19.927.890.334.201.600;50.757.295.613.029.100;29.340.776.157.667.700;11.019.036.956.234.100;6.087.858.238.694;11.868.317.037.491.400;2.608.524.198.953.570;2.652.747.371.538.030;3.442.517.723.580.470;3.090.366.707.426.220;11.073.001.555.916.900;0.7490961692352308;2.473.788.378.815.690;10.933.608.819.890.900;4.072.367.217.604.260;1.523.059.335.812.930;15.357.604.884.844.100;4.212.600.151.662.260;2.988.983.399.932.200;26.691.870.176.526.900;1.494.854.448.874.330
9.282.334.659.569.390;37.445.501.516.884.700;23.838.630.853.821.600;3.580.587.891.905.280;31.099.343.292.049.000;22.904.514.422.781.500;31.904.916.392.958.000;5.860.453.271.994.400;7.896.030.905.981.010;2.624.268.996.087.880;5.836.905.686.964.600;4.409.460.182.205.630;5.281.278.354.026.470;13.873.325.922.896.000;11.139.341.696.621.200;3.544.242.694.334.130;9.719.126.995.528.880;6.952.907.328.197.420;41.879.184.459.565.900;6.236.654.210.173.830;12.330.901.675.574.600
648.413.724.110.105;27.151.945.202.525.500;2.093.588.962.276.330;47.169.363.885.415.400;6.107.116.006.143.700;20.772.101.127.964.100;3.984.665.377.417.320;35.289.647.213.960.300;7.528.043.602.971.680;34.101.259.809.753.600;7.540.440.030.184.490;36.262.546.796.730.000;8.753.596.428.164.890;39.099.079.304.755.500;2.605.078.096.682.550;5.036.547.173.759.380;12.375.141.645.308.400;1.603.017.311.596.080;6.925.512.400.840.530;5.174.764.402.326.550;13.880.325.258.829.100
8.800.660.416.222.000;46.678.701.096.645.200;869.099.464.549.501;3.533.899.691.568.270;4.086.474.008.584.830;50.827.284.867.802.100;41.859.321.968.170.400;8.875.918.984.080.670;9.352.474.854.005.730;8.547.305.282.930.880;7.129.638.584.534.620;17.260.379.525.506.100;16.757.200.653.144.900;5.581.721.490.011.660;2.988.244.650.240.170;49.266.123.429.668.300;3.861.043.575.621.820;360.727.566.393.809;15.363.272.464.577.600;39.540.567.300.645.800;67.752.031.292.654.800
1.277.535.879.615.840;4.546.407.378.871.940;7.281.849.620.157.780;3.651.960.511.344.610;2.473.299.152.906.170;6.142.040.679.570.120;8.579.657.412.655.120;9.078.725.004.258.540;3.069.685.578.858.300;9.185.882.467.505.590;4.904.863.227.688.100;11.810.647.071.875.700;4.541.519.927.232.580;12.838.851.958.547.900;15.607.932.304.758.900;46.131.027.390.388.000;5.265.120.538.714.730;31.537.415.345.092.500;7.443.213.271.918.450;41.098.244.806.270.100;8.467.308.813.188.080
3.324.696.642.344.490;47.889.697.635.409.500;10.150.414.089.458.900;7.226.929.024.717.880;4.089.221.727.152.650;15.084.872.812.142.000;34.216.062.294.135.500;4.429.152.137.192.810;2.269.467.918.042.470;13.129.001.375.361.300;2.042.868.864.859.700;422.548.272.478.467;4.813.500.130.205.500;9.859.896.655.583.100;9.418.244.062.148.950;2.901.987.180.351.830;3.734.249.586.751.990;1.362.908.890.425.100;77.376.396.405.420.000;7.769.393.309.501.160;11.572.886.560.605.200
12.564.481.823.496.100;24.370.073.056.582.500;44.514.657.463.544.200;4.759.550.750.325.210;24.598.934.063.073.600;26.719.675.979.095.900;20.924.797.686.384.500;3.071.378.784.156.730;3.222.156.889.011.560;32.848.191.885.610.200;34.544.427.745.832.500;39.992.048.966.304.800;6.151.212.734.186.250;14.918.436.035.350.400;3.693.835.795.892.830;5.168.040.063.974.810;9.877.046.168.743.410;11.370.738.979.333.100;4.458.730.024.111.510;4.205.752.703.499.820;15.581.101.388.092.800
5.534.447.784.707.030;3.792.035.071.503.440;6.473.355.194.577.560;12.556.794.663.883.100;8.644.481.111.174.710;18.371.856.025.034.800;10.956.817.347.217.500;60.021.721.477.881.600;30.882.842.995.421.800;3.085.972.206.792.890;4.757.974.867.385.870;56.031.984.359.040.100;3.974.064.211.185.330;24.270.979.726.412.000;4.552.940.492.039.320;5.314.711.094.991.390;18.247.050.524.095.800;10.187.167.808.407.400;4.613.410.711.137.030;74.482.090.850.357;1.414.866.831.528.860
40.778.047.319.503.300;2.722.013.928.186.180;3.451.231.324.033.880;19.413.101.220.206.900;8.905.979.708.848.420;6.324.993.612.488.080;21.446.066.513.698.600;45.149.088.359.489.500;35.424.644.685.357.400;187.819.824.065.391;4.273.169.234.257.350;14.930.573.169.225.700;9.684.050.870.810.620;26.778.656.256.230.000;47.767.387.905.582.000;16.577.126.377.677.800;8.056.496.787.604.350;3.935.562.557.639.080;32.295.115.958.822.800;6.464.628.642.814.840;10.662.384.577.029.900
9.209.521.320.112.630;6.587.144.142.629.000;5.493.283.642.449.830;6.606.161.527.612.790;22.429.323.933.509.100;5.122.359.243.456.720;4.245.727.751.709.680;515.955.336.595.165;31.253.976.686.279.100;29.053.753.101.075.400;7.178.470.289.665.910;5.489.811.034.042.690;21.168.645.102.124.100;6.459.808.640.380.660;302.874.926.913.567;39.781.548.372.154.800;4.441.058.296.494.720;8.784.190.033.017.190;18.206.601.463.624.000;5.370.074.316.193.420;1.969.093.261.976.540
7.231.693.316.149.670;926.492.745.058.561;1.512.180.987.608.990;8.539.177.412.688.150;8.794.792.136.989.510;4.638.624.457.737.710;2.590.125.713.900.890;28.654.313.739.067.800;3.358.133.606.593.230;26.319.846.206.502.300;28.187.280.813.177.700;1.774.577.293.456.760;20.198.431.762.549.800;10.552.041.121.614.800;13.620.530.500.833.100;1.147.686.236.594.140;29.252.665.884.895.400;13.001.712.379.829.100;18.932.889.809.165.200;20.769.740.643.704.800;11.453.548.517.932.600
20.229.765.389.560.800;3.987.590.051.330.010;481.496.839.099.467;7.969.249.573.128.310;6.230.362.258.721.160;5.007.380.682.344.800;37.236.877.549.632.100;22.046.675.550.415.500;3.231.886.295.533.360;37.408.031.355.471.900;4.316.578.366.666.640;2.002.580.770.787.030;6.447.901.436.782.460;2.219.580.628.631.620;2.642.344.798.320.940;4.424.806.933.230.360;8.301.038.369.458.160;9.751.864.539.132.350;36.639.377.408.340.500;8.105.983.671.382.700;13.533.646.991.543.800
5.937.153.641.634.120;35.786.829.661.496.000;48.061.439.600.733.000;11.106.478.912.520.000;7.317.696.155.705.350;4.177.174.776.275.320;2.917.999.235.318.390;31.499.528.034.504.200;7.547.764.812.510.660;3.235.291.337.244.070;2.797.583.827.125.840;2.877.757.500.224.710;9.571.927.135.049.380;23.678.443.652.812.800;21.900.004.762.744.400;38.564.695.769.843.800;239.267.262.994.454;9.671.008.989.832.090;13.968.395.787.342.400;1.483.199.591.431.500;12.902.976.036.892.500
8.042.483.680.387.560;4.993.281.732.049.730;3.609.393.507.036.010;35.029.585.979.979.300;50.854.955.228.481.500;17.962.634.307.267.400;3.352.496.473.868.540;17.214.653.085.409.200;18.691.647.654.947.500;21.725.904.269.105.100;1.806.081.047.914.040;4.178.967.974.227.270;48.804.534.604.069.700;20.068.748.335.167.900;3.039.363.344.486.330;35.114.046.164.357.800;7.350.216.510.797.470;977.137.072.390.333;8.620.842.911.107.790;15.401.921.323.698.700;2.057.737.681.462.110
8.932.532.057.105.290;4.668.601.952.761.030;49.717.202.509.200.000;5.844.905.283.216.540;13.870.817.202.401;3.664.505.980.852.940;10.693.594.254.869.500;6.289.174.748.561.710;3.423.933.901.347.990;1.940.649.516.312.490;36.844.156.022.339.000;5.457.667.308.507.420;4.131.432.082.317.810;4.801.296.825.524.620;55.328.432.084.048.600;23.649.226.493.183.600;5.126.865.449.355.950;10.833.040.508.061.700;4.114.925.535.349.370;45.903.870.777.730.500;19.745.890.090.746.200
25.178.951.543.955.600;49.085.090.078.788.400;1.535.532.349.861.230;1.773.652.439.764.840;5.722.570.971.491.550;48.268.519.967.750.500;1.922.607.345.053.530;17.830.053.351.028.400;31.225.211.095.731.100;3.420.657.785.670.520;23.797.395.147.174.900;2.822.643.303.348.220;8.054.073.692.446.450;1.314.314.383.015.030;4.921.019.238.239.840;2.734.259.183.991.030;36.195.062.338.079.900;20.954.414.162.489.600;20.708.776.041.975.100;499.604.030.529.687;10.080.830.786.656.800
38.560.045.570.740.000;5.863.480.378.619.500;559.924.004.955.234;5.444.737.707.526.140;3.108.081.893.611.730;18.013.266.395.085.700;25.517.530.932.056.100;22.532.773.420.940.000;20.960.616.771.204.500;272.581.871.804.412;4.355.376.127.303.580;51.308.707.902.867.100;7.793.602.570.689.610;1.584.476.165.655.810;22.633.799.572.932.100;5.551.506.018.331.190;11.197.510.349.218.000;3.593.783.694.228.150;5.103.452.348.842.360;28.212.475.759.380.800;2.618.021.278.098.020
6.570.668.043.105.640;3.146.438.866.779.930;4.481.555.790.886.120;2.969.659.464.867.170;2.901.503.041.734.920;8.890.572.044.194.710;13.080.611.670.059.100;5.878.603.943.799.020;23.289.478.962.479.400;38.381.762.863.283.500;7.525.310.026.428.750;62.784.062.733.795.500;9.478.986.260.316.040;14.663.090.581.274.300;10.376.192.125.849.300;44.768.676.339.598.500;12.522.613.334.757.700;7.510.731.021.351.600;47.038.037.491.814.500;7.713.667.422.904.960;24.174.763.350.785.500
8.793.186.274.333.880;16.281.545.656.721.400;3.005.806.801.860.780;34.643.433.732.992.900;3.840.400.519.371.650;4.008.729.507.367.900;4.025.852.270.852.520;0.4748247288815673;10.318.402.136.226.700;24.419.012.025.083.900;10.973.079.971.913.000;6.488.090.026.997.000;49.023.944.423.722.800;712.028.364.683.363;4.349.464.889.053.980;50.680.981.311.452.100;6.553.757.846.380.090;44.941.311.144.140.500;3.230.489.180.162.600;15.031.594.686.738.800;18.914.421.840.883.300
16.116.672.315.110.800;1.910.421.813.085.330;35.389.784.192.394.700;31.626.631.452.514.500;7.950.326.007.974.690;5.175.180.028.185.190;4.260.091.934.948.220;3.398.552.425.519.090;29.329.418.958.675.100;1.031.894.926.148.240;5.271.691.439.150.560;27.376.831.731.772.000;7.491.230.263.393.450;14.753.912.694.089.100;4.174.473.060.626.610;1.307.182.605.772.120;3.797.064.374.235.180;23.672.161.794.971.900;2.414.603.407.770.100;25.477.600.033.908.200;14.541.263.346.176.800
7.351.858.474.523.910;2.172.746.914.805.470;44.325.716.170.939.800;5.269.938.914.016.730;27.394.484.428.370.300;2.138.554.867.127.110;3.033.473.437.034.730;18.605.751.531.836.700;3.638.459.604.508.090;17.804.225.398.767.100;6.380.654.224.133.430;4.243.563.578.553.280;34.380.148.750.484.200;20.038.959.362.512.800;2.789.481.792.872.910;49.199.143.831.952.200;4.861.269.942.754.830;22.947.016.664.202.300;44.326.466.880.702.900;7.688.859.303.182.180;21.727.204.999.649.100
8.130.546.761.484.490;5.217.407.354.636.790;6.127.677.258.521.060;39.427.528.925.182.600;8.176.853.599.414.060;5.891.121.591.472.080;12.343.177.276.877.900;6.401.257.658.792.170;14.038.184.624.067.700;181.718.734.605.646;19.264.356.211.721.400;5.063.148.667.057.180;4.237.738.467.684.010;12.831.311.954.672.100;4.407.874.296.039.280;14.346.085.610.906.600;6.781.919.746.801.690;5.009.301.323.011.080;4.986.937.156.036.290;7.207.024.393.174.520;2.736.078.858.622.050
1.563.423.364.829.440;4.394.266.412.206.570;9.443.414.088.844.500;4.820.336.172.325.510;27.569.552.721.205.000;1.770.636.974.968.040;19.493.096.911.984.700;42.485.295.806.038.700;34.780.201.158.198.300;8.155.679.307.633.940;40.077.993.271.795.800;3.926.166.812.648.900;6.299.101.305.287.510;7.781.969.747.765.430;60.523.263.387.031.200;1.686.805.483.224.560;47.659.438.627.690.400;19.151.733.695.622.400;3.617.525.900.706.300;30.174.331.301.381.400;9.468.061.647.340.730
704.493.682.456.437;2.972.482.657.755.210;320.363.017.705.724;753.867.691.461.959;9.420.625.168.688.050;7.515.155.372.522.920;33.258.427.760.491.500;7.417.704.257.202.840;2.689.237.042.692.890;20.007.474.925.048.400;6.397.974.796.204.450;1.354.766.937.053.200;3.080.129.421.628.660;5.288.272.630.560.300;36.338.715.054.925.400;13.356.138.544.203.100;52.495.077.123.476.300;0.21424284653263997;4.249.749.985.805.080;788.838.162.327.805;37.780.682.968.321.900
16.788.396.532.031.000;4.880.217.146.724.800;11.839.226.192.881.800;38.206.801.587.411.200;8.907.602.298.692.800;6.070.880.702.593.940;37.726.596.866.336.700;8.338.867.878.542.210;3.117.221.467.695.960;715.425.410.188.527;40.482.968.204.576.800;33.056.837.079.359.600;9.063.183.402.140.840;7.597.405.513.031.830;0.2223122829141028;8.050.616.117.039.970;12.623.504.133.605.800;3.343.273.057.708.580;3.861.288.744.094.010;8.835.806.292.238.620;10.117.528.243.982.500
37.060.386.933.766.700;29.928.850.021.110.800;43.403.217.574.024.200;32.501.957.009.344.400;2.955.554.737.129.740;3.708.955.402.641.810;2.663.855.604.790.230;12.504.451.057.113.300;11.280.016.482.565.800;1.455.837.989.078.350;672.139.213.314.652;3.120.115.477.812.280;3.707.578.237.581.990;5.867.924.791.089.760;30.373.485.703.536.800;26.748.943.600.505.800;14.065.854.359.214.400;21.474.989.194.006.800;43.154.762.243.728.300;19.864.961.965.923.600;13.772.686.330.238.300
3.324.535.679.982.690;41.022.428.753.338.800;2.236.680.419.433.950;18.222.265.043.651.600;66.924.040.100.099;23.716.341.919.156.200;3.546.621.209.181.400;23.536.435.052.981.900;5.285.685.346.995.260;28.129.951.966.188.000;14.970.543.889.107.500;1.893.098.895.820.710;8.060.449.790.810.490;11.902.717.890.428.300;4.439.720.296.876.120;23.951.873.444.196.800;12.263.371.959.855.700;1.056.373.424.073.110;3.896.586.999.570.120;687.017.720.903.751;14.813.320.211.957.000
2.517.522.488.550.070;8.325.468.594.454.650;4.082.434.804.220.240;139.710.709.929.938;6.223.178.512.937.200;5.833.171.597.223.820;396.956.828.458.146;9.548.177.124.745.460;10.358.868.321.561.600;3.117.574.073.515.150;6.252.507.950.550.600;57.056.793.675.155.800;44.223.834.740.014.100;8.412.686.873.258.180;16.367.486.389.798.000;3.498.345.354.404.880;5.434.343.378.169.640;8.834.520.417.724.250;32.529.025.057.801.800;11.122.735.662.052.000;11.369.040.334.277.400
5.796.657.252.588.180;13.839.563.870.017.100;5.076.692.049.337.630;2.935.544.283.605.690;8.491.998.132.695.500;15.353.938.129.998.300;3.205.235.388.155.280;62.901.434.455.770.000;12.734.129.664.468.800;11.472.906.097.252.400;5.366.480.587.688.950;6.849.640.544.255.670;5.021.761.825.074.300;15.372.483.226.427.800;12.699.884.706.388.800;5.549.441.861.149.910;5.560.877.557.053.960;4.844.375.644.575.260;38.445.689.706.943.800;5.285.695.920.217.310;22.746.020.704.927.900
26.529.878.130.914.700;1.440.339.195.300.420;25.340.438.205.758.300;442.018.163.695.768;8.117.560.924.675.570;5.696.329.080.001.520;10.274.093.542.066.800;1.811.884.202.563.540;6.566.396.371.696.000;12.302.544.097.864.000;395.053.845.007.594;0.10737062085684634;8.703.057.934.070.140;6.477.141.777.694.330;408.930.595.164.863;3.582.203.930.018.780;12.294.172.464.839.300;38.847.838.328.611.800;33.926.897.234.202.500;7.726.078.080.587.560;1.128.593.631.826.360
13.535.185.274.359.700;13.139.719.128.881.300;2.166.121.374.125.240;13.162.815.156.157.500;4.153.016.981.216.040;45.193.351.665.525.000;12.752.542.764.950.100;19.662.576.488.364.300;120.283.269.199.428;2.525.849.079.880.140;4.454.921.366.415.200;10.926.012.631.367.700;28.683.646.992.104.700;7.078.913.502.330.180;15.600.648.227.089.800;5.391.959.955.766.890;11.927.665.610.833.400;86.583.860.482.032;3.405.123.324.316.540;6.260.757.906.601.480;10.140.316.971.705.100
31.551.568.368.430.500;17.852.996.694.284.800;439.895.225.747.192;28.504.932.534.751.000;5.281.228.987.407.060;12.235.213.279.793.800;38.561.229.009.559.400;15.506.899.875.262.100;11.533.413.832.592.400;9.701.455.378.990.600;11.916.256.485.781.600;5.572.701.875.976.090;34.142.889.833.618.700;2.965.164.066.747.480;5.392.234.449.640.870;4.152.959.622.186.360;8.776.045.000.600.000;9.218.330.955.496.060;27.676.611.251.077.300;38.282.615.309.155.400;10.541.672.150.626.200
38.871.402.183.002.400;84.577.888.523.686;5.015.651.264.771.580;39.255.887.506.213.800;9.436.901.988.445.360;15.746.942.421.782.600;16.230.325.243.696.400;8.030.597.531.430.040;26.836.703.918.502.600;29.709.701.013.769.300;44.774.550.618.413.400;0.7406216409886529;825.347.086.335.346;27.670.314.042.992.200;3.496.386.068.349.370;4.596.799.151.936.480;17.039.101.743.749.600;9.578.677.555.650.420;4.042.113.183.339.760;4.287.604.464.395.530;1.566.947.972.625.700
9.243.301.389.778.740;11.730.448.496.480.800;4.258.300.263.088.700;44.433.724.465.655.500;44.476.350.891.946.700;1.758.247.279.058.060;10.970.173.769.457.000;3.893.330.292.025.320;3.013.684.309.975.750;3.354.975.064.489.320;23.930.838.168.889.000;6.476.101.123.588.070;19.367.940.391.270.200;13.172.410.093.248.200;41.732.435.100.214.900;38.812.584.420.036.600;711.183.982.017.496;9.890.340.386.834.760;3.599.414.370.634.810;5.703.793.245.297.540;19.438.821.311.557.700
5.288.243.565.410.740;16.887.565.071.499.000;4.900.630.313.372.550;4.831.338.917.280.710;8.794.810.335.301.760;22.262.455.121.398.200;1.522.217.401.784.740;6.249.847.195.775.910;7.842.227.940.341.780;32.587.209.432.851.300;6.671.273.262.868.730;1.244.775.757.075.500;10.189.873.704.212.700;3.113.494.012.052.310;4.871.582.357.564.090;1.885.433.856.682.630;34.678.654.417.812.800;11.488.862.352.365.100;3.115.769.238.420.660;11.894.121.702.744.500;12.253.972.366.965.300
6.129.234.415.777.280;3.897.963.984.610.070;15.829.288.437.987.300;39.871.798.265.115.000;5.151.873.485.415.180;3.951.358.163.976.610;17.822.777.273.803.400;46.190.114.165.988.400;26.750.224.518.070.200;15.724.412.458.064.200;15.158.585.053.557.400;21.600.541.957.898.300;28.661.871.507.750.200;27.650.336.539.704.000;14.497.736.310.576.000;16.393.484.113.847.500;2.597.220.355.114.730;12.499.946.580.995.200;2.724.696.922.055.810;5.234.072.333.185.970;6.872.087.596.930.400
20.539.945.371.487.600;39.973.627.477.607.400;2.130.701.226.169.030;48.797.727.252.502.800;6.318.762.762.727.130;1.581.131.573.995.000;12.939.649.173.276.200;5.691.049.839.245.420;20.438.596.573.719.100;25.290.171.990.536.100;3.305.161.710.482.470;0.28135560880506055;9.489.986.468.517.550;441.417.907.620.991;38.888.538.021.804.300;38.367.771.554.756.200;509.492.151.607.314;10.431.051.423.745.500;1.902.210.679.060.280;7.835.880.352.600.460;6.383.338.609.672.950
2.989.852.908.011.880;5.704.148.143.737.380;5.504.489.764.675.190;2.788.167.897.419.100;6.460.860.276.667.830;25.304.998.573.372.100;32.009.510.779.586.000;750.033.044.355.032;21.515.772.222.336.700;11.048.502.899.441.100;10.131.774.277.310.600;34.031.988.819.956.300;9.031.765.113.729.040;2.536.393.506.396.610;3.300.459.135.227.070;3.143.127.853.940.930;2.875.115.943.175.330;12.546.435.224.950.800;3.200.280.520.739.220;5.353.762.605.499.320;1.597.679.703.919.740
3.782.868.501.747.900;4.759.419.321.749.530;4.999.978.865.510.190;2.762.279.245.994.430;7.786.050.239.566.310;6.403.025.552.197.250;2.620.996.603.212.960;3.307.870.720.344.960;21.402.090.138.283.900;23.814.730.280.366;2.241.293.420.111.030;6.520.532.535.253.910;8.682.479.680.774.020;3.289.269.605.380.770;19.683.146.396.763.800;48.160.486.411.169.000;1.069.370.180.836.110;1.182.421.804.460.450;37.223.951.405.784.200;9.357.407.750.203.930;1.795.146.005.121.820
7.259.070.213.071.300;30.543.466.796.550.500;40.533.936.332.376.200;3.230.083.428.082.790;7.662.914.723.974.330;5.688.859.884.953.270;37.522.503.583.517.500;4.806.553.335.768.990;7.967.039.802.222.360;3.423.303.203.249.220;2.609.010.082.372.830;1.382.309.511.605.930;5.550.837.378.728.020;31.057.320.100.933.400;557.601.137.769.516;46.920.422.339.853.400;14.779.219.569.780.200;7.392.491.386.504.050;255.590.563.992.559;3.915.590.177.869.360;14.250.412.500.820.700
6.245.119.716.659.380;22.418.385.604.774.600;3.526.616.798.764.820;33.245.082.772.444.800;44.280.286.549.525.400;20.626.241.285.450.600;1.663.290.540.038.840;7.049.403.723.918.420;11.257.936.435.261.100;3.711.366.825.350.650;374.463.358.428.895;3.027.738.522.572.620;33.485.568.059.314.300;6.030.100.816.143.740;14.332.294.953.814.600;17.654.894.099.227.500;2.419.719.951.163.440;12.979.530.825.711.800;5.175.512.231.294.090;25.321.764.100.403.400;1.885.787.044.087.970
33.379.773.522.754.100;4.177.781.072.289.430;19.814.556.568.926.100;40.445.235.715.908.300;6.532.253.549.589.960;41.188.914.137.783.100;5.627.020.156.613.550;690.785.506.787.736;23.807.839.636.371.700;50.961.847.456.244.500;10.250.659.306.471.800;4.273.285.917.702.400;6.490.378.054.596.880;6.168.160.459.629.060;5.505.780.656.591.600;23.640.267.062.443.600;4.951.338.481.309.460;11.081.545.023.540.200;3.281.434.622.176.540;5.558.646.951.626.470;9.863.835.237.883.480
40.789.788.961.898.600;27.618.769.768.113.200;1.974.295.091.876.610;3.911.677.416.948.100;4.050.972.423.272.250;5.309.635.359.446.940;36.014.057.143.741.800;3.707.823.388.538.480;2.817.557.420.886.760;2.922.404.633.612.210;1.761.437.292.040.560;6.593.892.233.393.480;6.322.621.884.792.580;3.801.410.944.312.130;4.357.578.522.991.420;19.361.038.125.544.800;7.157.185.858.666.520;1.283.671.934.843.340;241.870.174.915.788;7.690.898.720.779.350;11.272.067.341.640.200
666.927.476.607.024;4.986.737.796.779.420;4.239.614.509.361.260;41.867.400.245.853.100;17.801.215.501.964.900;11.215.041.961.721.500;2.309.234.176.190.730;11.256.228.359.278.600;2.948.747.301.538.030;16.058.785.753.527.800;2.686.746.251.500.970;54.085.571.314.134.200;8.495.603.934.735.350;8.507.502.799.376.640;363.783.146.326.668;33.036.988.962.960.400;5.362.546.349.146.780;10.070.541.076.022.700;2.881.464.872.073.190;7.239.693.899.677.350;180.425.243.883.322
5.710.828.407.578.950;29.271.519.318.471.000;1.906.012.610.406.230;5.064.098.919.766.860;47.978.942.528.250.900;2.839.957.601.124.690;2.737.924.455.100.800;7.086.743.147.042.740;32.792.596.653.564.300;25.253.340.990.861.200;37.630.816.114.166.900;0.5012517578005391;19.834.359.393.696.200;1.650.623.701.320.680;1.924.854.535.330.970;3.060.521.388.925.180;5.951.033.894.865.290;10.551.138.367.711.200;22.914.734.415.234.600;21.148.952.496.982.000;6.107.411.774.880.410
6.643.853.061.943.580;1.969.381.010.026.220;5.504.727.127.363.740;5.381.969.327.208.870;7.236.603.397.484.250;1.103.180.643.545.700;16.445.034.759.558.100;9.548.040.814.163.280;11.109.325.949.618.600;17.428.394.451.565.400;7.604.738.272.221.380;6.601.978.585.495.940;2.780.257.397.879.670;6.926.629.986.646.820;13.290.857.143.747.100;4.734.236.305.412.250;13.316.430.658.617.800;12.811.307.759.730.000;27.713.373.087.083.000;36.362.011.629.192.000;1.445.663.332.761.780
51.018.336.216.753.200;46.273.676.732.792.100;3.500.810.022.988.730;13.998.726.732.070.500;15.852.334.500.237.400;34.455.846.449.585.800;2.819.500.675.561.110;50.298.223.299.883.200;1.813.724.629.497.780;28.724.059.795.577.900;3.005.736.230.695.430;4.860.492.999.679.970;9.081.567.473.321.480;6.861.160.218.100.050;396.664.369.321.708;4.474.743.921.247.460;0.925011286679085;15.254.292.990.614.500;1.381.563.041.532.120;26.334.247.212.994.300;1.651.239.385.992.690
8.628.102.910.683.020;6.760.593.953.866.530;9.058.551.472.836.770;13.890.488.096.479.100;26.333.641.841.012.500;25.135.418.571.416.600;3.829.966.832.015.960;23.407.092.807.657.400;24.248.570.326.121.600;13.832.772.617.741.800;6.746.820.683.932.360;5.448.954.092.260.030;10.644.092.637.792.400;1.938.734.894.073.240;13.690.453.174.521.100;3.064.618.042.197.950;15.659.600.069.587.400;7.908.604.473.092.960;3.407.253.726.852.730;14.271.678.760.456.400;13.497.132.749.412.500
5.414.319.618.812.300;4.009.871.070.227.930;46.894.245.390.517.600;7.827.797.619.087.170;14.914.996.527.356.000;20.282.810.910.460.300;2.479.515.035.342.010;1.905.714.836.657.980;2.892.899.710.153.300;17.552.149.774.990.400;21.555.824.939.972.600;5.992.295.695.951.170;5.934.543.280.699.280;7.539.878.040.859.920;0.7597761204108707;4.208.377.401.559.270;3.029.127.182.340.060;10.125.702.744.903.100;3.675.210.583.418.610;8.724.420.640.739.000;15.570.515.256.390.100
8.173.986.245.780.500;4.262.564.286.557.700;29.353.439.735.849;4.483.779.521.056.730;5.496.828.337.914.140;2.976.641.190.450.570;2.933.799.162.432.540;4.811.899.987.827.040;25.152.542.639.693.900;1.885.651.472.053.450;5.508.724.348.644.720;29.630.266.226.330.800;5.855.551.567.754.060;8.575.581.974.649.880;3.730.073.950.866.190;2.128.200.316.983.520;13.502.062.965.939.200;9.626.225.103.507.060;25.041.479.398.491.600;9.121.990.061.356.780;12.995.875.536.535.600
4.442.075.593.047.640;28.122.147.433.891.600;2.113.922.656.340.700;9.754.415.399.870.360;8.208.196.027.404.530;2.872.587.601.699.550;3.958.512.622.435.840;42.097.523.478.144.400;26.270.447.280.598.700;5.125.384.112.732.540;35.270.158.719.501.300;5.988.894.771.299.900;3.952.501.966.585.280;10.170.294.432.087.100;5.244.018.296.584.560;8.707.370.200.743.410;1.718.358.025.271.430;7.580.304.466.598.770;13.367.911.242.696.900;1.857.515.741.003.500;10.094.648.386.844.500
6.937.009.926.874.300;11.690.659.527.383.100;4.715.781.731.300.340;49.589.192.056.529.300;6.870.214.380.405.990;1.467.089.439.752.400;4.006.265.382.785.130;518.416.336.045.167;35.871.172.286.301.200;10.617.767.423.101.600;6.409.824.009.065.120;3.554.156.531.140.060;25.546.670.470.452.500;24.639.823.210.247.400;39.493.261.028.934.300;54.262.696.521.645.200;4.592.978.744.576.680;7.321.765.829.053.610;4.859.684.194.819.040;40.725.395.079.144.800;12.526.134.614.418.800
5.407.049.594.067.810;46.455.753.475.984.600;3.125.922.524.060.230;4.990.401.437.240.080;3.630.633.975.072.960;13.130.880.878.747.800;4.768.703.739.520.050;18.052.960.606.625.600;2.295.897.876.072.400;3.838.601.690.480.550;6.248.221.562.848.800;5.984.725.433.132.760;1.659.385.360.312.450;5.384.835.790.458.630;30.231.583.596.532.400;28.896.366.140.512.800;32.416.489.910.701.300;37.279.912.568.426.000;4.477.680.131.610.060;6.358.552.286.488.110;21.162.094.129.648.400
5.905.216.987.750.980;5.328.619.639.639.360;8.710.645.647.263.360;46.426.058.577.140.900;5.621.382.431.304.300;4.689.381.966.624.480;2.365.901.294.041.580;18.867.443.790.666.700;1.773.855.199.105.580;13.821.247.485.743.400;28.404.507.819.639.700;5.151.873.499.663.770;3.415.172.490.467.360;5.867.140.791.379.630;0.8620341737446658;440.684.962.738.925;8.554.429.425.704.390;13.135.300.386.354.100;10.405.928.214.294.000;319.968.021.185.193;1.005.644.975.728.650
8.259.271.732.291.560;13.682.794.293.551.300;40.383.678.614.081.000;1.758.403.600.555.570;707.677.819.633.826;7.082.461.716.854.270;6.002.085.712.325.770;7.588.925.495.631.580;29.163.712.443.752.300;13.296.368.965.679.000;43.785.380.405.988.400;3.363.524.628.984.830;8.292.663.423.024.470;17.629.759.677.974.800;28.523.193.059.193.000;4.090.454.110.500.280;50.199.528.051.658.400;8.402.710.278.700.800;3.557.559.254.350.960;19.122.909.727.358.400;15.555.047.000.127.000
11.283.507.284.969.200;528.437.560.437.768;1.366.448.235.521.240;2.448.777.686.363.200;5.580.193.815.640.230;21.430.138.441.631.000;28.028.237.965.627.600;3.640.396.809.279.570;11.062.972.972.447.000;310.886.936.205.399;7.112.991.019.547.320;25.578.052.315.689.700;49.712.656.315.591.900;4.839.701.162.464.900;37.130.541.775.394.400;26.710.770.963.785.400;8.609.891.217.933.170;1.304.410.069.708.510;4.489.370.282.046.250;6.676.054.366.515.590;12.039.457.697.247.500
334.206.635.024.195;11.706.373.057.267.500;38.225.635.391.503.000;47.554.394.638.313.200;677.244.210.057.014;5.787.535.459.966.830;6.199.477.106.326.310;4.125.693.003.167.600;36.338.685.181.224.400;30.938.571.133.014.300;29.221.457.159.564.900;14.490.065.067.421.300;6.364.376.339.923.490;18.326.937.422.912.500;49.100.046.605.874.300;20.434.029.290.564.300;9.172.761.266.388.430;1.308.978.421.149.230;2.535.614.316.609.670;19.922.534.097.855.900;1.717.594.164.341.350
5.120.057.957.985.710;24.727.993.947.294.700;49.485.062.795.772.600;14.409.012.694.729.300;10.129.868.207.492.400;4.388.710.053.057.440;10.799.497.871.052.600;6.487.328.760.873.450;3.079.334.310.598.820;1.288.635.532.256.340;1.953.972.605.919.520;38.143.194.577.746.200;5.418.424.063.370.740;10.072.322.477.116.000;19.993.374.706.611.900;57.448.510.838.326.400;1.800.328.641.363.640;8.533.791.415.521.150;3.092.769.780.564.310;6.806.077.413.503.490;1.461.087.235.649.080
8.881.638.424.801.650;4.689.960.414.984.770;11.850.999.667.604.900;2.915.183.218.532.660;9.211.022.224.537.680;5.737.283.459.694.910;2.165.872.012.986.080;3.224.985.463.416.830;7.959.395.944.422.870;33.806.515.302.586.400;24.134.612.765.972.100;0.7673543310556092;33.360.264.639.208.400;17.307.828.298.587.800;2.948.347.066.436.550;9.243.916.928.767.370;12.035.410.784.166.000;27.101.374.863.982.600;378.944.923.194.242;8.872.854.632.613.370;7.980.998.634.684.150
783.574.513.405.404;16.165.885.632.083.900;5.535.588.811.555.570;19.785.912.673.994.700;7.721.646.954.771.260;5.399.568.253.588.750;1.649.697.923.093.140;29.358.917.124.986.100;3.085.352.248.889.100;330.560.036.927.571;4.892.013.739.844.190;0.26678297315760857;8.602.780.770.045.350;9.089.150.779.376.210;29.544.528.987.238.400;5.661.190.289.665.810;12.129.620.476.694.900;49.283.657.493.104.700;3.588.551.466.693.240;46.718.025.421.277.300;22.548.023.815.152.500
561.299.034.645.582;3.055.590.111.431.720;44.950.414.325.861.600;1.470.011.006.222.040;3.293.355.736.021.970;4.874.181.268.573.070;8.449.788.826.380.600;58.419.858.418.945.800;10.594.631.033.534.600;3.749.226.743.582.610;57.309.837.790.255;5.458.846.870.398.040;6.095.670.659.130.570;10.373.049.402.938.000;14.208.746.147.715.500;36.116.622.529.004.900;14.501.666.121.309.000;1.821.743.241.373.270;31.584.377.944.290.100;9.345.824.836.358.900;2.039.450.035.876.580
818.010.572.782.153;43.160.224.879.489.800;19.812.783.659.071.800;3.176.004.588.696.430;3.295.674.296.169.040;38.247.266.932.838.200;3.777.232.806.051.630;23.978.601.128.762.300;8.027.457.036.201.060;26.506.936.872.475.000;7.341.268.474.179.240;0.7722720187131574;2.781.298.092.186.330;1.286.141.959.878.330;5.774.564.972.163.740;5.085.506.555.001.700;6.514.323.156.395.690;1.356.561.293.802.410;50.340.118.871.158.500;6.526.574.611.780.590;1.023.714.252.298.100
7.631.480.265.248.130;36.046.420.306.169.000;31.860.280.907.665.400;49.509.246.497.290.100;348.646.704.689.246;39.381.446.191.602.300;3.324.752.435.200.960;19.595.782.375.323.200;10.732.587.223.547.800;610.523.126.516.209;16.481.267.098.757.100;0.59209771412353;28.754.047.224.306.600;6.030.311.791.862.510;4.516.731.652.650.480;3.535.171.885.734.380;46.609.219.077.011.300;14.713.927.266.617.900;1.040.033.449.708.470;8.960.459.783.687.650;837.558.584.084.523
3.006.629.693.768.580;268.190.139.651.691;32.291.088.922.961.300;18.567.162.985.977.700;8.140.146.767.294.990;33.382.344.931.762.900;17.389.981.371.867.700;6.218.328.093.968.240;17.682.998.794.989.900;16.472.967.125.824.800;13.530.238.755.769.300;50.182.152.927.191.500;7.789.802.675.565.360;1.785.092.988.974.660;1.738.517.962.072.560;43.864.037.882.944.000;23.851.321.630.186.500;10.550.531.661.243.500;4.440.333.671.184.440;4.176.069.835.211.280;1.820.586.380.918.770
8.394.179.766.025.300;7.761.558.071.668.440;4.738.821.220.017.390;3.921.254.335.393.260;7.190.520.933.974.220;3.910.891.844.851.680;37.106.651.863.519.600;4.900.895.059.739.340;24.739.976.441.826.800;13.995.421.526.744.000;5.146.749.710.607.950;454.947.647.234.498;4.893.733.824.781.500;18.116.625.114.871.400;5.304.201.360.327.310;11.349.498.331.577.100;31.624.060.591.490.000;3.659.583.133.001.040;20.908.466.702.153.300;10.776.467.273.868.100;1.805.803.404.572.980
38.044.316.530.335.800;7.021.495.693.654.270;16.227.215.802.482.000;4.009.288.015.001.440;7.837.943.753.615.930;5.577.232.094.408.590;2.995.649.152.850.380;33.432.943.550.760.800;27.953.653.425.609.700;2.840.125.085.959.590;7.620.586.154.104.770;17.566.919.466.448.400;8.062.155.978.335.670;1.988.914.773.095.120;49.597.492.427.236.200;43.614.862.505.182.500;9.531.112.264.889.700;3.606.038.619.958.920;21.901.760.053.889.800;8.360.120.423.509.470;1.100.817.417.799.250
6.930.462.804.413.890;41.924.017.753.037.600;20.134.718.216.280.900;7.820.863.873.745.040;4.288.517.158.451.900;8.995.692.507.192.130;6.713.361.691.438.960;19.227.794.129.461.800;3.204.842.619.422.270;1.106.247.899.470.340;43.782.687.513.746.400;0.7619263756227032;16.935.492.547.127.400;19.469.375.850.424.200;2.502.399.236.474.270;5.402.039.319.960.950;54.530.501.153.917.600;5.010.282.996.183.390;3.430.662.201.836.720;6.735.400.076.508.070;10.999.568.782.740.200
3.753.732.671.687.520;20.115.602.401.422.600;16.887.263.042.395.800;7.598.104.583.308.870;8.843.940.167.389.880;5.561.413.722.864.570;29.184.001.378.348.300;5.744.302.965.572.020;12.640.720.242.331.100;6.420.779.084.568.190;50.707.129.523.115.600;5.218.703.515.538.320;1.018.454.389.982.110;8.100.235.403.918.300;2.288.396.072.708.490;21.574.125.545.886.300;41.238.731.126.021.300;13.134.516.516.538.200;3.849.264.218.932.320;8.819.333.726.219.250;11.216.596.975.600.700
8.848.326.142.251.410;2.479.125.699.917.720;15.759.405.414.480.900;3.216.804.292.011.980;33.371.424.179.954.100;4.683.514.478.932.620;2.884.445.958.590.440;2.429.579.359.097.470;17.466.587.697.363.200;3.609.793.556.212.670;2.479.301.277.309.400;2.414.940.023.495.170;6.091.168.272.101.980;3.460.164.501.547.900;11.212.435.007.196.700;1.788.622.438.701.370;37.831.548.936.482.600;7.713.618.287.363.450;5.280.838.180.453.440;21.371.957.505.459.600;1.795.223.677.190.500
6.013.687.340.267.800;37.595.828.246.479.900;50.696.381.484.485.300;6.099.743.809.810.510;15.870.005.554.726.200;3.145.368.998.765.100;15.596.181.366.102.300;795.293.231.252.565;1.710.832.836.268.860;7.210.143.902.401.230;50.927.419.144.478.200;24.539.184.631.690.300;23.838.407.365.079.100;9.467.989.050.547.680;5.558.278.434.220.090;27.575.942.478.191.600;31.591.100.401.597.000;12.340.581.161.019.800;4.994.085.962.145.960;25.708.790.508.220.000;17.042.790.885.528.000
6.992.642.482.277.190;21.145.024.741.850.200;23.437.229.281.409.900;2.843.974.345.554.540;9.161.539.186.223.320;5.843.355.146.497.590;18.128.196.147.260.800;6.861.108.901.882.930;7.688.452.814.971.790;24.785.907.144.698.700;13.298.873.239.543.400;10.104.097.760.476.900;3.120.451.680.116.610;3.011.396.197.941.600;4.259.411.115.608.800;27.540.227.704.540.700;16.341.109.882.313.300;40.356.596.771.832.500;7.094.093.373.431.740;6.271.676.510.531.350;785.444.077.166.706
180.768.105.067.052;5.166.425.331.415.100;4.796.567.984.151.000;28.594.125.848.718.600;6.379.066.319.733.140;5.447.811.863.561.160;9.915.693.870.880.400;5.622.289.056.078.550;14.333.461.696.642.800;37.286.698.664.966.200;2.571.906.981.111.360;0.0733919423643284;6.654.148.901.291.020;15.838.379.367.947.600;53.479.734.603.437.700;1.999.029.888.832.510;3.006.042.087.586.130;3.537.352.430.485.350;4.876.045.327.809.710;17.228.472.363.477.700;19.984.381.397.304.200
7.878.044.027.243.890;3.391.283.203.001.210;1.658.879.832.106.660;17.716.718.767.623.500;794.164.562.833.616;42.657.116.462.791.600;13.541.580.314.159.100;7.065.041.923.301.820;14.098.254.459.669.100;23.163.521.174.417.200;9.282.340.725.140.800;36.166.406.369.569.200;4.942.142.726.730.570;10.501.937.157.928.100;32.710.089.479.918.600;349.608.740.840.246;18.196.341.853.017.100;12.039.504.285.084.600;383.178.993.079.105;6.355.631.723.085.350;14.628.235.832.358.100
5.316.590.100.723.000;31.680.160.174.320.300;38.930.812.362.301.400;10.507.039.920.981.300;8.837.054.720.661.580;5.180.353.639.695.350;3.836.452.779.776.630;7.014.472.710.997.000;3.336.178.932.922.440;18.124.047.664.153.000;4.898.459.254.385.520;0.3985052150191353;13.600.270.929.599.200;11.667.737.799.543.700;16.671.477.086.634.200;4.967.958.629.414.570;626.542.511.530.078;4.147.679.970.248.350;14.116.785.369.490.500;10.000.105.841.510.900;1.618.670.339.627.350
4.938.100.480.432.030;7.532.105.762.667.700;14.477.037.953.672.200;4.892.138.486.191.470;15.293.702.944.674.500;5.247.030.333.474.510;20.707.345.703.065.000;3.170.893.062.037.210;23.103.833.904.494.500;5.339.714.193.090.720;6.945.850.805.171.610;0.3706980447195857;9.624.414.536.865;10.248.705.118.021.500;4.974.131.802.515.590;6.820.582.139.439.670;11.448.031.046.291.400;6.453.880.006.063.040;5.253.474.045.562.320;7.993.085.375.232.170;9.313.658.698.854.350
625.763.802.175.761;9.695.012.675.968.710;5.778.084.568.724.390;43.798.615.659.236.600;2.224.464.093.587.090;2.975.079.025.280.780;3.583.407.429.365.590;763.654.396.677.087;2.847.041.153.078.830;2.241.071.312.927.400;2.005.659.178.798.260;5.674.377.459.759.350;7.929.722.115.161.200;14.675.470.666.731.300;38.476.681.978.950.700;238.682.258.769.685;10.817.320.852.127.600;9.050.641.809.502.090;23.428.497.581.805.000;777.497.739.814.191;2.177.025.302.237.480
8.761.648.559.107.980;3.251.801.258.595.260;4.394.475.840.010.000;8.368.766.310.895.370;3.843.089.399.838.100;5.418.413.327.275.070;4.195.543.159.868.970;15.694.608.030.827.700;100.556.086.608.185;10.046.231.280.391.900;4.237.842.094.642.350;0.2905206270289866;4.643.002.056.191.290;13.983.927.834.259.700;25.149.517.504.590.800;1.836.151.239.042.820;10.128.055.389.122.300;3.989.006.177.627.180;4.584.417.310.355.100;2.701.021.985.115.590;1.587.708.014.682.620
2.186.255.803.443.100;3.757.838.956.786.120;4.424.462.892.955.650;12.749.697.307.810.300;14.865.423.666.941.800;36.197.997.236.189.700;113.068.591.594.526;18.651.721.142.734.800;10.941.762.102.728.000;7.977.135.378.865.790;9.898.644.513.247.690;1.658.840.393.418.820;8.057.406.816.064.570;1.357.057.740.574.590;4.476.975.229.432.530;10.426.410.329.907.600;0.7101022022287844;8.011.262.440.394.770;4.979.323.449.554.500;4.789.268.596.609.780;13.199.935.547.211.400
9.206.812.199.080.180;24.914.404.605.133.900;5.545.942.496.630.160;14.998.485.015.497.100;3.865.997.174.758.980;7.318.840.977.013.520;10.141.100.437.497.000;6.602.207.125.085.270;3.027.349.473.475.450;11.941.627.066.444.400;16.428.979.304.703.000;38.614.462.603.116.200;50.565.096.627.479.200;13.176.751.961.202.300;8.311.283.414.458.300;35.636.079.530.464.300;8.878.250.546.493.660;5.316.406.563.954.440;3.556.407.064.804.520;12.630.205.660.943.900;17.368.112.790.250.200
8.158.531.570.733.300;50.630.718.539.979.000;5.329.037.371.880.880;48.895.310.492.226.900;3.151.620.973.628.810;24.458.055.422.229.000;3.964.847.424.015.280;587.675.539.442.996;2.511.362.451.316.310;4.589.149.140.425.200;4.174.719.184.570.450;564.015.575.266.545;6.636.258.584.925.240;15.104.555.672.474.400;6.079.366.116.145.130;20.368.549.581.318.000;8.793.599.030.142.680;16.992.701.855.140.800;53.073.597.215.608.900;5.255.239.099.453.970;2.071.907.693.463.850
31.151.050.704.034.200;10.200.347.446.087.500;24.377.679.418.088.800;10.909.164.858.466.400;34.506.815.560.918.800;6.646.169.731.211.150;2.681.064.357.635.360;7.154.770.228.904.240;1.046.410.745.924.230;3.458.631.244.607.870;6.289.470.684.697.250;6.564.111.601.576.240;8.700.351.558.172.140;8.380.647.041.407.540;45.579.101.191.798.600;39.309.885.453.730.800;1.324.202.998.920.960;6.370.329.613.704.110;45.307.444.427.957.100;21.816.560.013.868.300;2.148.222.641.500.450
3.551.312.896.229.710;4.697.884.081.530.130;4.475.851.461.439.420;3.373.474.607.414.990;7.217.995.087.679.800;15.533.845.914.499.400;2.409.470.042.877.240;1.335.606.296.862.400;9.813.283.103.267.260;30.830.893.106.330.500;2.800.495.330.036.400;0.3430055257366085;20.845.187.132.037.700;1.623.259.692.778.870;1.427.698.206.152.260;14.214.731.499.706.000;16.022.036.566.539.800;2.616.738.134.619.040;23.835.660.773.861.600;44.542.912.290.647.700;11.208.536.245.029.000
6.587.566.829.235.770;25.584.208.184.179.200;9.325.174.324.741.320;3.333.074.111.341.990;1.785.719.471.495.840;4.261.275.360.787.900;22.346.134.693.131.600;3.508.201.977.570.890;17.016.333.167.769.200;6.240.620.361.908.690;7.407.918.249.411.220;3.723.128.290.893.880;3.101.372.536.453.290;20.155.449.871.282.100;16.373.646.600.975.200;16.247.517.434.061.800;1.700.155.769.043.180;11.371.204.234.513.100;29.274.172.648.739.700;6.225.653.480.485.960;10.617.062.425.066.900
43.647.936.947.296.000;10.652.700.853.913.800;23.766.302.452.749.300;19.012.244.847.545.000;6.749.138.588.760.620;6.070.050.068.525.010;9.240.268.822.827.020;5.237.090.583.097.650;1.469.801.716.863.940;35.441.695.070.840.600;7.448.671.500.372.790;3.847.445.960.277.720;18.488.151.186.433.400;6.839.496.437.047.920;9.805.028.918.928.890;5.592.436.856.834.440;1.423.358.831.426.640;7.491.557.301.555.130;14.957.897.930.106.900;5.229.668.761.764.490;17.649.495.875.779.100
6.515.476.056.623.950;8.491.912.411.223.290;46.572.283.617.777.600;38.779.213.783.067.200;20.391.421.868.134.400;17.356.453.224.950.100;357.973.934.570.066;7.242.526.024.040.170;8.891.281.682.782.450;3.849.191.076.830.020;6.612.371.502.015.470;11.931.385.168.535.500;6.157.027.109.918.690;757.016.562.127.957;4.442.579.949.573.940;43.509.214.731.607.600;5.201.267.691.226.050;25.011.379.977.465.300;188.615.443.687.528;4.600.651.210.279.960;17.301.862.251.510.900
4.782.911.978.111.630;22.983.417.268.150.800;4.589.765.949.365.100;28.923.203.908.592.000;21.782.474.759.326.300;6.321.773.265.421.150;20.112.471.778.486.300;27.369.401.765.456.500;23.611.046.648.266.900;8.708.435.979.974.840;21.018.936.910.855.500;13.737.705.399.622.000;13.165.554.255.437.100;6.549.755.856.607.100;4.022.928.373.033.940;15.159.819.232.208.000;0.9197321911409578;7.259.880.198.949.090;18.676.085.511.843.100;3.940.031.141.842.150;1.061.336.677.724.400
8.969.745.781.400.640;4.804.409.454.260.610;67.714.975.509.551;47.827.394.997.811.000;8.557.328.800.110.190;6.205.910.356.244.100;12.457.945.560.693.500;7.000.624.192.706.920;30.746.660.417.274.700;3.820.460.697.014.000;5.986.425.718.283.200;4.370.242.333.754.450;834.597.982.577.717;4.195.723.057.986.620;50.127.898.969.938.700;41.114.275.523.735.300;3.675.604.078.454.370;9.129.969.373.204.780;12.026.968.035.239.000;5.444.619.263.367.860;13.335.507.228.992
5.294.115.004.628.100;18.989.655.165.581.400;5.231.581.655.287.800;11.931.697.638.142.900;5.590.925.691.292.350;44.457.942.709.302.100;7.403.041.760.969.840;11.975.787.777.836.600;9.085.458.392.228.960;26.313.445.541.820.000;5.461.837.654.914.000;3.444.400.485.685.720;9.167.370.943.406.630;11.984.236.988.643.300;4.047.985.607.575.680;3.610.218.509.904.900;14.754.681.539.062.200;4.968.373.321.118.220;494.861.062.398.124;2.587.502.173.421.870;8.555.390.572.580.180
33.597.696.111.163.700;3.509.921.660.191.920;432.867.972.586.665;1.889.479.860.327.480;3.571.428.760.827.730;8.886.921.865.822.070;3.976.419.085.657.110;329.071.104.289.236;6.806.557.838.417.900;16.058.719.312.615.200;738.452.137.330.572;33.514.794.219.089.000;5.201.857.619.907.780;8.939.940.608.540.810;27.136.956.948.577.900;1.360.901.886.899.350;7.574.684.997.664.100;22.012.983.823.920.800;2.722.622.129.414.840;8.324.773.610.332.610;16.798.648.442.840.600
27.890.403.229.211.500;4.415.749.778.333.330;336.874.362.051.699;12.459.676.133.918.600;54.761.494.053.917.600;38.426.616.378.441.100;42.219.537.044.991.800;7.957.880.098.318.920;7.997.794.729.768.010;34.969.941.784.929.800;7.122.434.335.364.640;25.080.357.163.809.600;3.679.238.092.517.510;1.563.177.486.076.150;2.053.502.270.444.590;28.635.951.925.029.900;17.922.334.544.208.200;2.793.570.042.443.880;23.822.651.636.282.300;8.422.402.105.000.640;18.074.349.896.556.900
8.161.841.774.914.560;3.644.921.310.178.760;4.763.334.262.458.580;1.946.438.000.007.240;5.972.995.799.274.420;5.164.845.910.738.640;20.334.988.720.991.100;35.422.024.018.185.400;37.423.125.577.225.600;27.144.991.430.546.000;5.935.801.261.107.660;3.952.896.390.046.550;25.139.407.300.077.600;11.601.218.089.227.300;1.716.328.891.803.770;6.240.533.976.878.480;10.135.033.492.406.700;28.006.202.223.708.100;2.090.648.547.187.190;24.756.174.692.293.500;17.956.741.186.300.200
11.669.444.954.615.800;16.988.980.648.052.100;33.790.123.635.562.100;1.191.942.301.110.630;4.537.255.057.853.600;0.9973474962179658;4.205.701.433.061.100;47.146.130.392.733.600;16.088.836.009.371.000;859.892.450.138.881;47.831.787.078.499.100;27.012.319.808.908.800;8.439.717.147.086.830;20.482.534.091.995.700;49.656.193.484.260.700;5.589.031.016.206.630;683.067.093.618.879;7.859.766.859.466.520;4.971.867.826.998.880;4.650.658.327.489.820;13.294.445.908.285.200
7.863.232.647.367.690;18.382.224.852.330.800;5.905.808.148.040.200;1.630.263.506.625.580;5.606.709.542.505.250;8.749.051.381.567.780;1.545.181.809.204.770;50.838.506.761.953.900;2.980.974.413.974.710;3.691.399.178.680.890;6.602.305.447.392.110;5.461.359.932.983.310;45.627.202.634.190.700;31.231.277.023.702;13.651.173.728.284.600;2.308.246.052.370.880;16.550.032.872.515.800;5.358.117.569.879.670;9.433.073.401.148.850;739.121.508.324.227;2.041.952.813.736.440
7.774.819.340.978.560;40.125.198.431.294.100;2.588.864.891.898.780;38.504.554.657.209.100;25.588.595.869.255.200;547.441.376.789.667;1.861.756.886.523.710;3.582.334.533.708.080;22.006.258.826.175.200;1.918.474.159.595.560;5.409.024.211.349.240;12.799.327.336.472.900;8.274.046.422.376.030;4.000.412.054.466.270;332.340.566.754.268;39.781.944.702.461.900;14.245.012.414.651.800;2.151.750.015.634.030;56.473.097.243.040.400;7.730.451.442.084.070;10.871.360.200.809.200
26.721.370.303.923.800;3.076.546.120.759.370;4.540.108.781.836.280;43.717.109.997.160.100;40.993.042.212.109.700;5.573.463.894.602.260;24.445.350.077.862.500;23.974.144.869.657.400;17.565.598.944.049.500;939.255.710.426.594;29.001.971.498.777.200;5.704.129.747.871.220;8.519.417.485.636.950;14.271.815.818.090.200;16.899.361.533.011.300;13.585.915.027.584.400;2.365.915.592.205.760;6.581.292.168.774.440;4.841.948.228.074.330;24.311.186.916.409.000;11.533.268.402.764.300
4.997.417.435.404.280;46.216.897.469.716.500;2.059.368.457.114.200;18.400.914.255.847.100;10.760.824.609.625.300;131.099.798.180.313;12.845.886.421.911.700;21.311.786.458.570.600;2.942.037.573.170.640;3.468.204.309.692.400;6.168.836.857.726.570;2.271.565.180.788.990;2.960.037.287.522.140;11.384.622.146.807.900;52.930.245.126.956.800;44.805.562.221.260.900;11.281.051.081.309.900;12.277.464.025.872.700;3.332.958.599.436.410;3.470.059.074.487.590;10.231.877.536.491.000
1.178.256.210.193.470;519.703.509.277.745;36.605.885.251.550.000;11.286.638.585.670.500;4.848.708.548.543.740;27.337.174.228.960.800;16.502.327.856.367.600;8.083.707.314.789.790;12.162.995.900.103.900;291.459.052.306.144;7.051.802.905.691.420;4.243.897.761.869.270;25.682.945.473.250.000;1.074.623.277.457.500;4.902.697.438.620.620;1.924.735.487.791.580;11.986.131.207.216.600;15.837.018.744.343.500;4.902.675.246.769.500;2.674.927.511.772.340;2.141.062.521.877.160
26.377.442.805.240.400;21.001.826.296.965.400;8.438.247.583.580.470;1.811.593.894.590.720;9.500.174.441.751.990;14.014.223.413.752.000;1.872.825.081.532.740;10.161.874.296.037.300;25.515.392.996.874.600;3.140.292.685.453.830;6.430.340.195.188.750;6.170.425.763.782.690;9.854.815.039.440.460;18.287.062.197.281.600;2.011.068.953.375.300;20.540.101.530.820.300;7.755.608.098.717.930;13.655.555.968.256.500;3.588.592.973.716.860;9.922.819.900.712.360;12.634.963.224.803.200
3.519.060.202.989.470;5.328.039.089.663.870;31.108.091.198.916.900;3.425.802.814.961.360;6.630.705.572.853.380;20.641.682.802.381.100;14.892.646.597.804.500;2.723.935.545.412.190;19.400.195.879.738.600;25.964.573.111.067.000;6.701.188.558.159.660;46.639.311.388.642.800;7.300.187.797.472.920;1.488.479.168.412.200;19.910.326.496.863.100;4.677.330.359.928.350;14.361.345.057.528.200;13.716.205.740.774.800;422.814.882.430.108;1.795.960.723.250.320;18.995.108.557.326.800
3.443.408.843.102.730;3.399.461.291.144.120;24.031.020.211.139.500;46.117.047.670.882.700;7.298.855.474.245.410;5.103.050.269.799.850;3.408.169.345.144.120;42.665.091.651.710.400;11.926.101.509.242.600;8.195.137.111.001.460;9.820.526.347.392.100;2.680.986.427.749.890;6.221.505.559.678.230;48.796.602.818.457.400;5.777.054.339.150.740;4.648.256.071.697.050;1.423.442.259.797.650;15.052.412.167.375.500;24.902.251.638.225.600;7.282.420.327.690.430;7.388.898.480.043.560
6.518.570.977.299.090;7.230.181.957.286.170;2.411.906.198.526.600;7.802.276.843.054.330;7.755.092.654.633.290;19.725.172.029.962.300;197.865.059.057.263;7.366.841.667.907.770;2.607.525.743.502.080;2.600.537.843.097.850;7.595.397.639.505.540;6.646.401.595.750.080;15.516.292.106.989.200;16.535.223.068.699.400;4.697.881.413.912.690;1.951.523.471.298.490;7.136.491.806.673.150;6.843.105.468.735.360;5.022.659.649.786.000;6.692.964.913.834.660;1.812.911.494.794.450
1.722.975.069.498.340;44.405.621.103.904.300;6.082.937.480.398.250;41.920.254.457.247.700;9.123.523.451.365.330;4.453.554.380.132.900;4.574.662.812.493.880;551.510.627.260.169;3.130.387.942.073.930;24.369.883.302.249.500;33.698.140.281.739.300;4.404.446.789.140.600;14.370.922.464.169.900;2.070.709.003.304.460;921.990.453.367.765;5.498.835.976.229.540;15.565.835.081.784.300;12.925.009.475.755.800;32.756.430.103.106.700;24.663.980.970.808.100;15.980.590.255.842.800
9.051.441.146.690.250;524.960.687.330.476;9.472.861.378.416.460;2.566.802.825.104.430;3.288.082.719.554.290;3.054.925.512.656.840;2.363.392.507.311.800;45.237.134.241.147.400;3.425.841.779.297.300;36.280.201.622.026.400;5.383.671.990.491.630;27.510.273.265.021.100;2.901.560.057.565.680;3.648.562.304.340.270;4.398.335.458.085.360;19.907.456.549.619.700;43.385.252.093.318.400;565.347.051.215.396;20.210.113.654.038.500;12.185.324.541.796.700;7.372.772.213.280.150
9.061.143.096.761.180;39.674.110.201.945.900;38.853.502.843.442.200;649.392.661.224.653;7.987.462.981.245.160;44.578.272.143.993.800;9.203.791.872.221.230;2.740.437.280.633.660;16.414.139.852.757.600;19.280.951.627.079.800;6.933.392.334.407.610;4.242.398.200.149.640;18.751.323.732.109.200;10.850.907.418.694.800;5.390.700.064.718.310;7.288.468.929.414.450;10.550.566.948.899.200;7.343.395.623.530.020;17.767.490.327.213.900;43.757.698.590.657.100;13.669.282.032.903.800
817.372.178.585.368;5.234.822.307.714.670;810.530.463.526.913;38.819.303.401.146.200;7.178.997.541.005.550;564.195.185.453.884;41.309.450.570.115.700;809.346.791.761.204;11.848.842.647.714.900;3.432.413.328.787.200;14.060.906.197.902.200;4.008.894.623.847.480;34.010.271.720.471.400;6.042.677.131.121.710;369.843.741.175.865;5.126.000.463.297.940;14.270.687.863.394.000;3.366.184.026.911.830;89.758.710.302.638;32.372.168.634.996;11.638.816.482.604
7.444.338.479.987.020;27.960.312.245.839.600;44.088.513.116.934.000;24.982.576.051.219.300;15.783.029.096.836.700;6.250.172.372.461.520;3.071.947.330.618.680;2.586.909.923.262.830;27.390.060.558.587.500;22.778.519.120.040.000;6.960.758.888.406.810;4.480.718.032.321.460;42.918.575.594.717.400;18.022.497.453.889.600;26.352.384.121.455.400;17.955.787.381.430.400;3.787.487.052.910.470;9.438.930.865.700.010;48.491.424.911.144.000;5.193.657.230.011.830;23.538.745.099.571.500
5.399.246.219.119.000;21.197.735.534.628.100;49.312.376.988.017.900;1.986.634.607.270.060;6.465.865.347.602.990;23.384.250.597.745.800;3.826.319.642.714.830;42.743.237.212.627.900;10.732.657.243.233.300;25.322.461.382.988.500;7.645.177.354.727.180;15.546.914.134.993.000;5.589.852.559.991.220;13.086.990.324.016.600;3.915.472.164.278.810;24.753.194.656.823.700;8.340.540.820.956.940;1.294.719.142.987.800;7.276.218.472.571.590;5.651.456.309.339.280;2.103.057.838.936.170
43.269.653.941.895.000;170.537.669.192.532;12.960.685.392.123.700;9.726.155.925.834.110;9.159.923.469.491.310;4.695.664.173.329.250;3.727.597.775.610.050;6.750.868.976.667.280;23.149.349.602.155.800;10.500.938.886.970.600;6.997.342.858.335.130;2.875.337.347.910.700;8.306.750.378.038.200;13.441.029.520.726.400;9.197.063.536.287.670;4.007.327.199.017.160;16.651.081.265.686.200;8.477.560.471.438.940;12.670.527.630.746.400;7.429.663.700.820.050;9.808.974.553.411.110
8.283.570.873.331.490;14.450.630.699.933.400;5.775.593.189.332.470;2.558.404.696.005.190;4.067.825.874.848.390;41.673.407.579.797.100;4.152.096.317.296.170;7.174.725.785.974.270;12.637.027.694.454.400;25.437.636.302.159.400;23.403.329.666.276.700;14.480.874.957.233.300;6.163.346.134.111.830;17.684.421.162.816.600;3.108.897.239.802.290;11.530.974.843.334.600;6.532.056.361.378.610;17.797.210.678.794.500;22.989.020.838.079.900;9.244.072.525.231.910;19.685.017.219.746.700
17.273.331.412.044.100;32.955.745.756.579.700;0.222209042005862;2.717.720.797.163.310;32.298.782.369.539.500;1.504.776.072.270.650;12.162.254.124.202.800;25.997.422.684.428.500;2.224.709.172.163.700;2.891.374.246.701.990;47.918.398.102.226.100;2.499.400.532.864.730;46.824.253.200.429.200;1.309.103.136.232.650;3.003.538.260.722.440;2.938.065.066.229.380;43.488.171.865.835.300;8.019.667.188.686.100;5.151.808.112.733.320;7.510.278.211.001.060;18.037.166.841.472.900
59.320.016.880.789.900;5.419.822.090.288.920;5.789.268.241.343.830;43.373.108.207.864.800;8.795.112.489.856.500;3.646.413.448.058.150;4.110.453.705.019.990;7.148.725.158.173.450;13.353.120.823.838.000;4.618.585.564.008.220;49.362.528.945.375.500;5.984.492.159.125.150;44.980.613.058.180.800;18.383.805.602.952.400;3.220.102.969.278.030;15.377.374.117.835.300;7.034.814.714.719.550;1.047.399.246.870.080;2.808.875.055.759.220;7.704.603.140.944.520;17.680.377.967.675.200
312.072.869.395.238;5.195.862.664.232.170;702.385.404.778.027;4.355.184.072.011.440;641.828.073.420.989;19.529.227.185.315.300;8.207.133.617.580.180;744.668.101.583.803;19.336.285.671.043.900;33.341.620.265.609.600;5.368.273.655.648.730;3.333.787.520.984.660;433.247.753.865.703;11.395.542.135.790.600;25.926.393.709.996.600;24.068.273.802.364.500;2.782.158.783.853.390;7.856.593.769.768.670;9.977.632.092.151.960;31.221.079.089.736.600;17.357.786.779.116.200
8.272.802.426.456.340;12.310.426.415.562.100;468.192.452.026.014;17.026.868.755.085.700;4.950.533.238.232.190;4.894.523.390.138.820;33.876.264.646.876.000;48.579.853.059.914.800;5.773.223.400.097.240;21.449.864.885.385.500;4.785.523.490.724.970;3.898.291.830.884.290;30.640.929.311.463.200;19.669.171.109.084.000;37.590.769.863.097.200;6.607.359.422.940.460;6.509.470.484.146.820;33.782.818.573.610.000;4.562.970.547.500.610;7.876.609.987.721.410;2.392.504.182.332.010
8.040.333.279.975.620;17.638.340.670.406.200;19.385.018.291.979.100;34.614.203.659.402.100;7.304.280.495.887.550;22.047.862.687.152.800;2.735.139.953.821.000;619.567.771.886.025;268.758.386.250.116;42.187.396.333.860.100;6.269.352.160.829.210;0.4495834802546999;8.378.385.812.310.670;8.359.261.743.065.780;4.258.075.214.865.330;45.495.519.557.762.000;8.022.459.170.412.830;4.226.573.221.815.830;14.182.398.832.211.000;4.638.821.578.330.720;4.962.464.893.067.800
38.575.072.635.595.400;5.953.598.584.280.860;15.240.131.481.898.300;342.179.481.071.407;522.553.196.475.629;6.004.843.335.728.450;19.870.591.996.918.000;3.608.498.653.229.480;2.480.959.991.847.830;23.628.033.411.170.300;3.200.906.260.449.670;0.3458617238240883;4.500.172.825.163.040;14.357.612.379.257.300;4.553.167.558.417.760;48.626.563.748.535.300;367.134.212.078.979;12.396.507.385.428.900;4.119.443.071.689.340;5.999.133.669.711.640;6.326.377.582.279.340
6.150.761.792.517.170;5.142.714.716.303.840;5.532.032.766.642.420;13.807.064.020.145.700;7.888.205.652.468.260;1.573.306.694.497.740;3.139.576.353.694.190;719.824.143.992.163;2.581.503.812.509.740;2.865.677.906.719.310;528.469.058.988.019;34.465.691.066.095.000;3.783.777.216.658.170;12.910.991.038.946.700;4.538.325.427.432.970;4.107.120.079.598.780;12.123.062.420.149.600;9.755.786.386.700.630;3.834.523.407.931.910;62.169.764.755.887.100;22.027.693.843.534.800
6.745.229.686.175.450;46.340.261.778.575.100;17.578.518.669.432.200;4.789.764.908.901.220;6.254.627.205.143.850;6.335.813.208.268.400;4.151.533.890.870.330;410.712.473.573.538;2.935.170.606.504.350;8.349.787.139.563.570;4.281.868.099.606.480;5.732.738.331.286.080;7.483.217.216.313.900;1.324.733.046.660.320;4.073.805.399.521.590;31.348.849.528.894.900;15.294.360.069.508.400;8.868.982.631.152.330;43.070.891.878.352.100;7.439.540.026.557.960;12.919.570.546.991.700
753.490.897.481.019;5.758.697.214.754.320;3.933.019.274.804.670;3.213.842.865.950.270;8.383.232.465.419.060;5.259.804.410.400.350;4.096.232.095.766.190;6.231.610.358.290.590;23.546.069.584.901.100;8.594.589.289.268.690;21.577.845.538.526.400;48.771.601.156.604.700;7.393.553.303.084.270;14.732.974.441.922.600;6.831.339.259.107.340;35.646.169.392.944.100;7.641.142.026.326.950;11.357.900.910.705.100;12.134.454.679.034.500;836.057.014.021.126;9.432.931.341.416.190
739.633.104.422.407;3.804.395.195.172.330;5.934.929.246.026.300;18.923.392.934.369.400;8.193.903.259.715.740;18.954.316.277.568.400;7.311.523.010.637.620;5.689.729.698.234.510;6.373.969.175.758.420;2.503.189.461.347.720;6.373.718.491.294.220;135.073.937.270.368;1.711.402.245.775.550;17.669.965.987.495.400;4.256.936.528.042.470;245.863.384.785.915;12.065.428.142.715.900;516.270.393.438.661;9.085.821.772.249.350;4.753.005.158.526.710;22.922.756.837.417.800
7.776.391.136.116.220;9.975.459.240.946.860;32.515.339.759.551.000;33.117.791.482.010.800;8.052.826.003.968.040;3.638.414.300.611.810;1.859.913.391.078.910;3.324.894.469.799.750;3.408.294.729.265.170;34.195.500.049.360.500;3.914.187.847.836.870;0.1980994784993559;5.901.105.676.589.550;615.532.402.682.057;23.573.617.618.661.900;21.121.636.933.961.600;7.831.703.702.442.850;5.259.624.416.504.210;4.091.757.795.875.980;23.385.481.188.210.900;901.101.500.767.264
21.884.705.524.286.700;877.746.029.113.639;5.802.102.373.112.120;3.871.114.643.034.820;2.844.609.861.177.350;1.705.477.485.131.110;8.864.233.148.039.520;4.000.890.609.610.990;3.383.950.552.893.630;9.683.010.978.937.340;37.627.277.891.583.400;5.420.479.031.746.280;4.593.908.240.800.040;1.306.062.175.757.180;2.768.507.588.154.560;3.369.991.405.071.780;22.079.936.349.348.400;766.095.711.110.601;15.108.008.302.442.300;9.053.837.115.678.920;17.089.489.855.375.400
7.102.070.797.826.300;28.237.878.134.689.100;4.705.909.527.542.290;45.684.501.538.446.600;2.724.361.825.821.250;51.744.802.062.374;6.139.759.056.144.140;6.692.471.489.828.430;2.477.753.707.915.930;3.653.966.417.849.640;6.807.675.839.536.510;4.768.452.387.736.010;18.952.132.584.788.800;52.980.808.326.248.400;53.298.311.774.899.200;14.379.412.274.743.000;8.887.025.948.470.950;676.992.630.076.568;21.882.398.283.704.100;9.344.369.700.212.860;19.020.351.724.157.700
8.082.225.916.450.410;3.373.688.112.731.020;2.989.387.824.936.480;15.824.872.244.189.000;3.939.234.074.845.090;48.489.604.804.690.700;27.555.176.404.861.400;4.347.925.505.128.210;2.814.444.857.420.250;1.426.079.637.143.830;22.036.242.786.539.600;24.889.041.675.514.800;6.634.275.342.857.380;11.988.182.392.938.300;34.489.586.211.470.800;8.606.568.998.121.590;29.634.258.160.259.900;4.327.119.492.952.280;2.463.323.675.227.760;7.298.350.966.124.430;1.327.785.854.739.120
2.999.687.641.297.680;4.518.275.946.587.450;5.206.019.276.956.020;39.333.116.556.317.100;8.285.354.340.398.740;5.359.125.823.609.560;16.148.616.235.556.400;19.995.117.593.635.500;21.757.922.531.107.600;21.660.009.588.196.000;24.278.318.765.464.200;0.29325061613887804;3.612.322.472.474.910;1.287.312.541.346.270;3.455.711.728.740.870;947.182.755.821.475;7.249.986.250.016.660;12.234.251.365.275.200;4.617.963.723.028.160;9.742.841.453.220.720;19.188.173.079.203.300
7.376.459.836.205.750;5.810.230.808.573.820;38.589.259.286.430.900;262.811.958.141.292;9.045.556.811.302.010;2.726.977.106.944.660;34.251.328.957.804.700;17.034.849.117.613.300;8.004.280.814.212.130;2.781.984.851.761.140;728.231.849.710.173;13.734.902.390.435.100;8.218.836.451.581.650;3.461.423.107.063.730;13.377.018.473.746.000;7.705.201.438.530.050;16.741.714.835.942.100;11.252.004.198.135.200;14.870.909.307.444.400;22.465.840.297.190.300;11.897.226.812.700.300
9.397.922.299.418.040;44.458.236.572.206.400;2.608.082.169.243.170;13.167.496.288.795.900;9.743.302.388.644.880;27.119.723.787.528.600;31.554.630.271.988.800;5.430.463.269.611.620;10.599.219.582.812.900;7.802.207.857.318.040;1.500.683.550.236.800;4.063.554.944.320.030;3.649.643.812.646.030;12.451.012.027.548.500;14.459.119.449.308.400;2.160.144.204.623.360;10.270.572.270.318.100;19.244.542.069.051.000;1.853.559.946.658.020;5.511.930.703.905.680;525.277.742.322.053
7.100.295.489.921.880;5.387.989.474.654.370;5.915.197.920.299.350;38.539.116.665.255.800;6.745.474.854.561.300;25.091.087.030.704.700;34.587.426.680.831.000;5.094.103.609.756.390;13.396.454.680.651.700;1.987.533.106.366.060;6.210.032.909.693.590;38.720.143.863.207.300;5.079.213.050.106.410;1.473.233.754.547.660;4.997.896.877.850.230;419.490.957.671.789;9.148.434.911.204.070;4.210.603.027.361.080;5.093.902.743.331.900;6.714.145.463.303.150;26.589.465.462.797.700
9.234.336.321.522.450;24.804.837.141.417.100;2.928.079.153.868.950;3.221.199.391.174.480;6.597.556.051.185.330;5.794.016.241.015.920;20.061.791.812.223.100;6.987.362.279.491.850;30.050.788.492.847.900;13.818.575.890.274.400;7.253.784.467.425.530;4.735.559.262.909.910;9.703.133.141.302.370;13.040.587.017.898.200;54.377.666.101.976;3.747.453.865.611.670;13.813.727.007.840.800;944.700.784.927.631;27.476.364.221.507.100;7.021.531.032.382.830;7.836.463.692.812.260
2.655.333.367.521.770;4.291.653.557.470.450;20.244.323.175.405.400;26.984.001.557.679.000;23.808.640.922.017.600;17.898.808.783.692.700;4.040.627.714.171.360;6.516.013.827.261.090;2.332.835.883.689.030;20.608.654.409.561.400;6.302.943.475.360.390;49.252.188.208.362;46.689.628.886.084.300;1.394.338.367.673.980;45.117.533.039.658.800;36.754.201.248.978.300;1.223.946.620.716.420;13.422.582.300.194.000;4.951.366.990.375.970;7.054.997.777.290.990;20.624.489.656.264.100
5.603.968.470.043.560;2.223.894.892.981.940;15.120.098.874.035.100;5.213.551.343.950.490;23.586.279.846.072.300;3.277.375.377.750.980;928.487.773.553.243;3.068.411.341.952.970;877.809.253.706.975;3.704.728.474.073.380;33.071.913.724.023.900;17.788.562.548.334.600;8.836.390.692.730.740;26.223.052.744.413.700;43.604.347.369.753.400;2.490.238.922.321.590;17.764.856.638.158.100;33.297.873.341.803.100;31.152.116.042.523.200;34.975.424.899.469.900;6.135.107.133.063.760
3.758.121.846.708.050;19.811.013.239.209.100;4.918.475.053.818.800;3.300.515.895.848.710;7.078.106.943.266.170;2.655.002.675.689.460;29.246.381.083.505.700;4.439.947.735.024.740;2.649.826.794.625.920;30.647.226.736.176.100;1.464.146.767.232.810;4.004.813.303.838.060;6.322.549.086.756.940;13.506.102.075.449.900;49.544.744.715.411.600;33.786.376.815.977.300;18.209.119.231.018.400;9.670.244.748.301.730;0.39948259390942703;7.131.115.278.431.060;27.238.533.946.395.000
11.842.892.989.980.700;29.842.429.845.276.900;640.315.198.418.103;699.082.801.760.725;9.006.346.429.114.460;8.881.964.648.479.850;24.506.804.068.223.800;3.335.674.049.940.580;26.617.676.600.832.800;11.369.101.115.890.500;6.116.802.435.770.980;4.305.966.301.480.030;8.082.216.142.254.360;4.650.675.217.759.130;3.400.287.267.615.800;40.126.839.064.601.900;13.664.036.965.440.800;49.815.892.469.469.100;10.533.213.321.059.500;1.573.726.125.074.410;10.498.288.709.527.200
8.395.869.820.241.990;30.377.377.991.609.600;33.249.815.738.970.200;38.616.905.691.156.700;5.611.926.597.440.660;5.796.564.997.889.550;2.548.904.069.529.880;11.137.623.076.054.800;7.325.104.905.569.830;20.090.214.510.303.000;6.741.255.547.226.860;60.097.081.204.799.100;16.566.474.987.820.200;13.704.948.160.304.200;42.703.900.788.811.800;641.975.625.802.749;1.137.828.439.001.330;9.560.863.441.303.160;9.629.315.192.931.500;2.700.025.689.558.800;20.854.387.703.288.600
22.999.800.964.423.700;3.668.488.477.956.930;20.748.413.167.921.300;14.623.500.550.730.200;5.600.842.805.109.500;5.716.310.701.421.480;18.858.274.922.891.900;9.203.301.408.102.120;344.044.864.330.873;10.056.166.204.146.800;509.120.325.036.624;4.216.747.315.496.870;35.200.283.796.795.600;174.572.589.086.056;4.127.084.668.755.620;27.772.268.911.988.600;1.811.232.137.496.580;5.770.173.461.700.260;22.940.628.175.053.700;584.727.424.233.966;13.176.936.282.134.500
7.982.045.184.201.590;47.100.747.915.488.400;308.086.133.626.202;2.746.881.338.597.530;5.626.418.542.452.870;19.383.771.941.803.000;45.032.986.029.156.200;43.178.246.532.425.300;33.304.930.729.974.600;3.782.585.011.973.470;5.855.040.568.972.460;31.483.385.467.853.100;8.845.898.525.175.250;1.697.821.138.846.250;10.759.856.750.291.300;90.711.897.715.458;1.996.022.762.829.760;6.427.065.910.098.400;13.408.026.045.476.900;3.209.404.496.178.650;1.040.501.676.855.980
12.358.508.699.698.000;2.067.314.986.046.560;5.436.486.437.944.310;4.713.004.981.746.970;5.549.402.165.039.040;2.733.234.165.385.820;2.344.752.171.576.160;6.559.169.949.386.420;23.394.185.808.455.900;3.271.386.135.073.890;5.644.116.351.276.390;4.956.983.693.081.800;177.207.140.925.648;20.457.308.589.840.800;24.411.048.053.263.800;2.324.907.673.114.970;11.733.708.961.745.500;3.420.496.961.753.410;25.978.029.610.350.100;6.526.656.367.643.480;1.477.409.895.432.650
6.071.055.670.743.820;5.769.156.742.043.970;43.823.186.658.997.600;22.645.749.842.293.800;21.834.149.261.957.200;48.019.527.507.650.900;8.571.638.057.670.330;7.662.200.550.870.800;219.070.217.004.146;22.413.307.550.234.500;5.750.492.393.329.550;6.420.794.868.862.700;2.336.342.614.686.070;1.874.670.646.464.900;3.814.071.844.602.450;10.137.363.187.928.400;2.258.050.991.211.400;12.291.456.131.913.500;412.942.680.980.231;3.016.585.322.206.780;24.700.506.027.878.800
13.644.453.258.912.800;24.980.143.712.068.600;22.988.201.216.398.400;45.568.980.431.630.600;2.621.647.455.935.720;254.533.225.363.575;2.706.015.353.276.930;4.558.170.381.798.280;15.051.565.564.101.000;33.947.107.174.706.900;7.409.687.061.195.230;617.044.752.011.748;49.198.708.802.778.300;14.955.629.417.810.900;22.119.915.802.936.000;4.092.975.388.172.980;689.941.052.539.737;3.457.309.779.560.060;25.158.961.111.316.900;8.573.895.826.491.130;15.985.879.120.960.000
39.171.878.085.820.700;42.106.955.036.867.100;5.796.177.838.852.130;4.832.431.952.475.990;4.228.823.160.471.120;3.967.502.769.495.390;16.447.950.289.413.000;5.243.806.945.144.280;24.618.303.844.984.200;36.670.801.373.456.400;42.059.250.760.720.200;33.075.015.640.409.600;12.503.159.361.755.900;9.614.628.666.079.900;0.603421796981693;1.982.871.428.995.930;13.615.166.698.262.900;4.115.004.855.320.720;7.755.290.416.232.260;15.073.706.939.704.300;24.124.557.491.875.000
24.706.683.712.792.500;35.839.072.433.659.800;27.258.455.613.154.500;490.125.396.363.924;3.457.726.866.903.940;21.426.064.361.784.000;30.789.896.095.824.800;71.744.618.527.904.800;2.899.527.022.302.760;21.684.324.450.809.600;469.288.230.673.247;6.083.748.036.998.290;8.600.496.138.435.750;1.491.349.195.993.430;4.135.713.683.920.480;4.666.501.711.304.350;977.781.498.155.042;10.891.199.333.226.000;14.279.908.886.188.700;3.232.791.087.128.450;21.289.849.351.053.700
18.890.347.126.588.300;482.606.773.706.912;589.769.030.037.755;13.122.744.980.045.900;9.325.097.269.794.430;21.712.106.594.710.100;24.864.056.509.536.600;7.091.720.851.525.880;2.072.393.383.946.170;10.171.805.957.044.100;6.273.503.167.933.670;61.922.861.700.652.800;26.944.907.885.641.000;12.150.610.501.926.200;52.112.692.734.382.200;5.286.015.436.075.530;12.256.512.810.416.300;1.173.058.390.384.030;28.086.512.950.887.900;5.401.801.215.074.000;20.313.448.699.756.800
3.953.717.160.763.140;42.381.088.658.359.400;46.209.468.779.729.200;41.221.409.118.770.000;7.355.034.991.311.110;270.199.241.646.959;8.878.104.475.466.330;22.249.384.024.867.500;38.901.779.592.028.900;18.624.227.818.842.000;5.988.437.512.735.730;0.6230535541223414;5.984.480.496.065.720;15.582.339.911.954.100;29.710.369.044.933.700;5.129.309.768.539.500;11.398.884.763.064.500;12.293.605.471.240.900;37.672.518.137.560.300;8.302.653.947.013.540;17.421.032.461.536.000
6.075.826.221.773.390;3.732.982.991.285.700;6.140.353.961.550.490;4.140.604.522.480.590;2.647.174.401.955.420;6.143.568.633.403.170;29.957.827.836.821.500;2.127.949.241.682.720;40.972.226.650.888.300;209.796.325.496.126;3.253.185.990.920.310;4.791.795.473.447.790;16.915.396.773.501.600;4.058.133.840.595.830;43.770.679.989.240.900;13.742.925.465.315.300;14.409.073.108.615.100;10.377.127.007.388.700;5.143.171.769.177.270;10.228.007.319.966.000;22.991.773.942.184.300
6.553.035.674.447.580;1.989.952.795.377.600;1.417.810.299.320.620;4.560.266.367.815.230;8.211.992.503.489.700;31.836.097.173.795.600;3.920.404.964.739.670;33.448.715.482.592.100;2.911.684.119.716.350;9.347.292.088.677.180;7.167.366.128.656.630;2.178.195.692.625.560;11.879.948.586.354.300;31.314.456.097.668.000;27.602.558.144.520.100;22.620.610.034.931.800;8.955.775.269.249.100;1.022.887.474.198.010;4.040.692.526.464.550;7.047.418.435.702.770;4.954.844.642.859.070
27.928.072.358.159.500;5.088.527.526.388.880;5.627.261.045.259.930;10.880.068.653.769.700;7.886.863.106.885.500;3.843.573.735.701.190;34.991.872.362.199.600;2.114.554.195.045.030;11.591.575.713.029.700;31.027.191.407.997.800;6.519.334.147.334.310;670.113.037.989.514;7.059.644.965.133.700;17.315.065.242.271.300;5.026.050.491.580.090;23.562.390.528.561.300;1.712.355.545.969.790;6.975.890.462.171.770;11.316.096.942.682.000;5.775.882.282.811.400;2.319.227.418.825.360
235.605.460.083.394;47.477.886.435.173.700;3.332.162.333.049.170;10.156.634.229.613.000;7.447.426.656.890.210;2.808.460.845.601.600;9.105.254.024.555.870;4.104.062.970.003.950;4.644.259.302.177.090;61.894.022.929.006.100;18.036.856.782.320.600;4.620.055.763.925.770;20.292.234.181.847.400;9.440.469.048.597.630;2.632.401.755.884.510;9.462.759.803.383.680;2.345.857.175.035.600;34.035.422.159.668.800;5.119.926.254.683.460;777.775.086.427.375;17.256.652.285.845.700
50.594.996.226.573.000;5.337.392.543.994.280;22.896.640.456.108.300;3.401.453.446.502.170;7.380.966.394.580.290;2.936.868.384.169.860;25.337.896.429.153.400;7.644.673.086.654.570;2.230.805.009.570.280;1.630.861.727.373.750;18.234.275.073.042.500;5.183.112.727.230.220;6.544.704.289.563.960;12.104.507.511.602.400;39.232.916.413.427.800;2.397.605.122.537.680;4.306.097.022.639.770;26.853.337.513.263.000;31.538.943.870.912.900;5.702.668.684.709.520;17.710.628.256.852.500
13.066.497.865.711.900;18.756.745.929.954.900;2.759.079.502.631.370;18.101.037.000.751.800;48.883.129.515.132.000;16.199.318.880.613.700;13.560.011.766.591.300;7.949.370.131.503.880;33.262.866.252.902.600;2.988.455.346.005.690;2.593.873.802.504.080;6.032.277.446.912.120;8.101.177.955.481.950;19.067.087.401.445.200;49.339.487.330.282.700;3.298.971.396.725.460;4.548.365.697.449.740;15.077.802.470.440.400;4.187.759.469.812.250;7.108.750.260.380.910;2.048.955.518.132.730
6.439.535.263.974.570;573.302.197.215.972;29.265.096.640.086.500;47.377.856.986.187.000;5.186.537.418.585.990;5.312.234.108.110.110;1.934.943.725.349.750;20.592.491.326.315.400;31.099.052.848.868.400;23.500.932.756.408.300;19.986.849.501.141.800;18.553.853.064.696.700;5.607.356.123.787.170;6.451.089.646.211.100;5.127.734.195.674.590;37.731.663.239.309.000;1.052.253.673.192.350;5.662.118.333.071.630;3.488.164.599.147.910;7.686.674.770.382.480;14.841.323.913.484.500
11.955.717.224.598.200;3.625.609.098.219.150;24.436.103.172.847.600;48.219.318.351.269.900;5.322.800.982.097.800;35.230.209.876.760.100;7.730.109.255.093.980;2.271.756.933.672.080;95.601.909.669.796;3.638.494.462.927.130;5.478.058.846.753.760;13.170.006.687.678.400;43.362.809.891.108.100;11.021.449.793.556.800;63.243.440.427.240.300;6.470.906.895.689.780;894.998.993.951.986;467.545.636.512.783;4.228.251.569.018.410;5.451.166.955.677.320;17.905.710.023.544.400
539.797.266.250.331;17.786.720.911.614.600;6.093.370.184.217.800;31.365.645.839.072.200;27.266.188.767.631.700;5.659.862.652.971.920;9.088.519.524.299.310;6.677.586.559.327.590;5.761.971.402.971.860;4.337.931.382.786.310;6.719.286.816.234.980;4.915.058.566.690.730;39.124.803.687.131.400;14.900.487.157.020.300;26.380.104.148.530.300;4.708.997.957.459.420;1.856.944.134.472.440;0.6459809629731608;2.256.653.355.370.710;3.612.353.613.317.560;16.717.726.231.974.600
21.690.568.076.628.200;2.494.854.224.082.430;24.725.865.279.121.200;2.465.111.459.711.040;2.275.338.902.479.500;5.466.087.490.359.430;19.437.609.638.903.200;12.450.526.358.544.100;1.851.446.100.656.560;30.843.868.657.946.000;5.620.286.698.269.480;33.354.745.970.820.000;3.885.735.017.233.200;4.420.939.360.949.760;26.866.021.357.020.000;15.826.671.889.158.000;7.115.852.142.688.870;1.452.043.953.646.120;49.030.650.565.408.700;577.097.499.569.476;17.158.983.348.466.800
4.667.223.000.474.870;5.382.487.522.829.450;5.685.558.182.660.860;42.688.072.248.662.000;6.634.202.717.719.340;7.309.514.867.883.010;35.076.225.889.683.400;7.374.942.038.382.590;5.125.842.227.294.850;32.667.769.239.127.400;7.090.255.392.346.830;16.021.168.915.792.700;6.128.790.017.207.320;1.269.473.599.457.190;13.553.558.971.378.300;50.642.576.529.935.900;978.999.280.509.691;870.263.475.935.992;3.277.919.066.129.820;7.434.815.280.200.520;1.856.329.281.009.820
8.198.063.030.797.900;14.924.037.102.379.500;4.689.662.725.563.100;6.896.327.603.562.440;6.860.043.327.407.790;42.116.560.635.121.000;20.760.931.378.677.400;7.615.915.852.669.810;1.574.828.150.972.410;6.892.676.494.476.320;3.291.169.412.658.530;15.120.062.299.415.900;27.508.636.584.689.200;8.763.162.282.266.160;2.895.208.755.582.680;4.367.410.513.283.920;10.019.607.148.510.000;45.268.483.802.968.100;2.971.985.637.727.840;7.009.781.129.965.190;10.724.522.099.942.400
542.255.871.428.773;1.609.750.417.894.890;5.363.850.752.610.810;4.124.614.203.072.720;34.010.294.842.391.700;5.909.664.616.424.050;30.859.733.621.423.800;50.786.734.790.756.200;36.360.957.166.616.700;5.935.663.090.193.690;9.398.531.186.548.150;45.515.210.385.392.200;930.175.562.701.445;13.819.052.390.410.200;4.307.700.090.025.890;11.840.328.943.794.600;384.399.801.026.368;8.145.483.639.696.190;37.160.664.139.321.000;25.964.912.265.237.800;14.556.986.812.350.800
712.599.254.334.012;0.8001192080020154;394.118.938.528.742;10.911.183.291.786.700;2.107.493.565.453.420;4.503.403.774.479.850;19.896.183.710.443.900;32.328.051.547.271.500;19.412.873.012.167.400;40.729.388.470.040.300;4.982.803.002.753.050;33.091.582.053.430.400;6.995.299.501.259.710;49.524.936.688.742.000;13.557.308.087.470.900;9.462.655.992.804.460;17.762.247.093.090.600;9.149.257.837.846.430;1.835.761.721.863.830;26.941.586.139.693.500;11.601.842.507.040.700
2.770.848.437.483.890;9.880.297.309.601.640;37.705.644.925.061.200;41.850.513.148.703.500;9.012.563.710.743.770;3.286.904.998.844.150;1.151.623.879.226.880;1.988.606.747.369.820;930.095.843.311.667;3.714.818.617.245.710;5.204.948.583.869.320;0.18249944005379676;7.582.238.615.208.340;11.087.263.202.462.100;3.053.171.714.727.830;4.909.637.959.992.260;13.651.969.286.345.700;6.212.734.229.383.280;2.560.291.070.713.800;3.115.290.394.901.630;7.329.199.479.398.290
4.425.519.196.478.350;285.083.545.001.891;3.742.796.968.527.100;4.564.942.424.579.280;16.104.578.127.440.400;45.633.932.868.386;32.175.111.548.608.400;47.423.216.303.092.000;12.673.601.870.377.000;19.053.795.965.030.200;17.711.645.104.224.700;3.251.284.479.705.130;46.736.564.742.598.800;19.835.950.286.486.600;18.768.494.643.189.100;28.396.174.364.940.300;13.049.001.121.920.500;7.147.558.440.489.670;44.159.398.090.172.900;3.176.585.277.896.090;21.123.678.266.435.000
6.720.642.533.853.070;1.877.123.969.599.760;1.716.844.696.078.060;4.420.241.745.660.400;16.152.781.613.576.400;188.472.774.442.785;409.209.061.538.095;798.750.444.892.012;3.265.720.189.583.970;30.049.505.441.218.500;7.181.120.989.546.160;4.893.653.938.276.770;366.699.320.169.436;5.682.182.084.213.460;12.763.298.208.498.000;5.211.360.163.944.730;3.686.014.872.310.180;11.280.352.321.327.900;5.325.473.955.367.360;9.311.186.891.025.060;18.670.077.114.276.800
6.508.468.721.026.250;44.014.308.483.920.100;4.980.944.187.045.660;20.639.394.374.140.400;6.229.418.348.558.310;18.843.629.154.845.200;2.295.097.298.039.500;2.768.612.524.373.630;22.553.009.343.469.200;23.812.715.428.573.400;15.529.029.039.294.900;5.393.518.416.437.800;6.621.916.955.171.460;13.220.343.765.507.800;4.075.198.873.089.580;4.004.902.093.639.850;35.244.156.065.852.500;44.440.949.672.523.200;58.534.068.548.253.400;5.805.636.386.092.930;17.725.666.667.650.200
9.013.672.395.862.600;5.784.667.118.096.360;40.781.388.692.256.500;544.782.664.979.287;7.831.655.293.408.320;19.486.494.676.368.600;690.336.294.526.027;4.736.447.160.352.760;2.216.136.178.285.900;2.797.132.158.013.760;13.538.258.175.000.200;0.41361467949730335;6.328.110.086.161.060;6.575.016.444.441.360;50.706.866.020.906.100;28.530.845.166.897.500;16.581.315.246.992.500;4.041.124.271.046.420;8.571.010.042.809.200;692.010.512.471.501;15.600.283.197.110.400
8.700.830.863.346.240;4.984.039.609.213.630;25.201.933.120.135.700;3.761.159.640.268.630;8.591.983.781.767.550;402.946.962.694.006;15.842.019.694.906.100;488.080.688.899.825;19.291.380.010.478.100;3.054.818.979.639.680;5.511.297.241.792.500;2.374.207.827.773.910;2.282.215.367.248.190;9.001.998.565.565.740;4.372.756.478.718.750;2.118.014.640.244.900;14.783.078.429.685.600;8.122.814.579.390.460;987.108.174.642.282;45.570.600.552.459.900;13.390.204.738.860.100
4.935.928.260.987.780;4.823.982.251.436.250;3.932.739.910.992.380;22.950.715.894.681.200;8.013.083.544.820.350;7.776.434.909.340.270;657.492.585.119.118;11.761.736.641.458.900;10.427.514.573.630.100;18.902.044.839.975.100;41.694.919.945.279.100;0.7562343076803998;7.302.420.429.657.010;19.957.811.866.675.600;4.540.575.636.119.690;20.537.019.944.243.300;3.626.522.210.320.030;8.495.159.328.348.810;4.785.605.160.769.060;15.477.329.337.549.400;22.523.409.580.892.000
6.563.229.366.467.390;4.338.507.835.200.090;33.381.057.800.525.000;3.360.321.511.819.910;3.449.963.531.289.860;2.576.064.424.112.360;26.163.109.295.106.900;7.140.140.220.699.350;21.174.833.675.610.800;61.402.608.239.501.100;6.213.280.894.580.800;37.997.622.747.486.300;637.659.938.136.847;8.606.899.375.214.090;20.016.181.159.264.400;1.015.776.025.780.100;18.039.889.822.534.200;33.560.910.204.459.200;2.745.033.897.603.950;5.738.494.013.834.960;12.642.883.188.043.800
2.863.545.368.751.290;37.289.921.625.892.100;15.226.074.732.752.600;1.996.694.783.296.330;39.004.346.057.386.100;45.632.282.489.289.200;3.510.539.491.012.980;24.210.942.401.129.900;3.497.449.652.024.690;31.777.006.570.467.200;19.774.482.086.367.400;4.402.614.321.897.620;8.644.367.442.616.170;18.058.317.641.150.000;3.317.516.386.039.550;10.326.921.032.792.000;8.621.365.865.414.880;448.425.215.483.927;207.119.920.454.215;4.546.624.181.664.800;14.525.673.649.691.700
3.749.672.110.765.090;26.587.135.601.649.100;5.062.126.471.181;3.637.471.026.874.040;4.119.336.868.669.060;45.747.487.713.428.200;3.925.943.757.801.730;4.445.557.435.391.970;18.364.773.203.327.600;9.433.342.089.936.790;4.417.918.839.057.800;0.7097694743221911;20.782.741.991.723.900;11.028.245.247.086.600;516.374.581.596.317;45.736.010.455.518.500;57.129.245.603.463.500;29.262.233.089.567.200;25.043.087.887.558.000;36.854.768.975.223.900;13.527.173.976.020.200
13.430.332.332.332.300;1.686.932.601.860.600;5.407.807.853.363.500;32.064.257.078.293.200;8.316.384.095.985.570;16.016.765.582.540.600;24.999.424.942.100.800;11.339.633.647.708.300;27.927.429.368.836.400;9.186.857.301.817.800;5.889.775.931.394.520;0.09254564460882875;1.564.625.469.759.760;331.872.615.504.771;15.632.049.472.732.600;23.739.101.916.584.200;10.458.192.851.235.300;13.071.686.661.951.600;52.353.481.179.104.700;5.499.719.495.362.150;13.472.010.359.518.900
3.909.059.189.314.170;37.651.837.240.281.400;5.798.795.185.817.130;44.983.699.455.443.400;6.712.903.087.880.170;33.979.369.893.905.200;9.485.491.542.374.900;2.744.904.438.872.210;3.356.803.880.917.890;7.285.527.314.619.520;7.089.390.927.513.500;464.047.275.692.172;3.282.811.224.681.230;1.948.905.487.287.500;6.714.385.021.643.830;10.903.138.493.047.500;6.098.679.762.453.340;6.867.309.102.555.210;14.837.936.138.170.100;19.542.642.797.792.700;1.635.559.649.942.820
2.663.425.392.671.880;27.519.152.662.894.500;5.882.114.987.933.930;17.005.292.443.177.800;3.762.141.747.410.580;5.896.271.105.099.860;1.444.415.228.773.280;3.980.563.889.283.360;17.093.661.069.593.300;61.817.498.628.065.000;4.319.449.739.201.580;17.122.443.242.594.700;44.158.403.464.543.900;14.048.813.469.802.000;4.894.768.231.604.270;4.615.112.512.567.840;17.205.973.017.043.300;6.493.667.257.026.460;27.472.385.488.048.000;6.169.646.013.100.190;7.494.574.582.453.850
47.813.249.059.985.800;5.209.560.899.495.630;4.360.747.514.878.290;7.745.221.971.630.260;5.122.067.462.063.330;7.450.858.291.230.520;18.743.191.914.274.700;3.772.344.328.931.670;17.217.723.816.119.100;8.636.206.308.456.460;1.470.050.550.889.480;3.877.536.801.248.210;14.033.575.106.911.700;15.786.660.517.126.900;9.268.248.935.201.070;4.645.712.960.676.270;10.423.037.037.747.400;11.354.048.466.198.400;41.332.758.241.072.400;2.930.336.747.674.950;164.569.721.577.558
11.270.842.448.760.200;40.829.321.500.566.000;795.078.886.027.972;4.805.105.327.756.710;26.348.551.709.188.000;2.422.793.719.409.460;5.833.900.430.002.240;568.262.342.768.827;2.650.559.199.544.890;6.626.784.899.139.010;24.293.259.764.861.100;39.724.745.561.199.800;3.999.484.826.472.030;5.561.363.313.476.950;20.714.708.799.901.900;4.741.287.185.805.780;7.791.763.525.388.970;37.191.700.349.392.400;5.916.702.196.562.500;5.990.846.168.895.710;8.148.005.301.013.320
2.119.427.379.645.110;19.266.569.864.391.900;22.802.492.733.886.800;3.157.276.837.989.220;6.400.622.041.208.550;3.467.327.435.385.240;4.121.142.982.317.580;2.276.561.160.349.550;309.188.995.169.653;6.370.992.136.133.810;43.662.464.311.116.200;0.461893861494538;1.307.392.185.374.800;14.486.581.312.418.200;31.235.357.565.333.900;3.582.765.604.374.090;12.935.072.178.689.100;12.615.832.148.476.200;3.882.373.733.949.660;4.615.163.873.409.440;10.889.317.159.658.700
32.889.127.065.368.200;33.330.014.153.940.200;5.843.000.639.932.960;727.417.143.770.427;29.067.153.406.777.700;40.156.597.050.152.700;14.611.905.694.121.400;6.437.110.430.073.040;4.199.004.411.816.450;24.561.801.159.118.200;9.119.398.569.560.580;1.081.091.185.794.360;35.877.093.731.672.400;9.512.842.941.164.560;43.227.526.762.226.300;4.274.155.502.448.430;12.478.714.290.984.400;42.621.063.365.240.800;352.173.160.040.269;14.753.584.284.150.600;1.111.714.352.008.180
5.650.016.380.850.300;4.261.102.677.963.370;2.239.543.542.953.860;5.330.368.091.506.710;6.052.047.101.718.560;20.753.459.800.498.700;3.069.129.209.049.750;22.628.439.827.334.100;53.095.491.887.918.900;1.935.299.984.051.310;6.130.288.506.874.630;5.883.214.209.791.620;5.080.384.953.710.250;15.818.993.300.113.000;28.398.780.410.099.600;541.599.438.768.254;16.422.340.576.167.500;7.289.025.403.959.660;1.887.094.732.749.180;2.607.093.888.059.990;8.930.922.043.967.490
8.737.525.135.570.150;577.289.781.160.766;50.236.741.020.299.400;22.848.148.869.006.600;7.243.135.658.076.830;23.406.795.894.491.800;3.456.182.589.218.770;5.648.283.632.122.430;2.697.182.899.961.890;1.907.727.662.261.840;5.010.064.325.840.580;3.347.513.620.398.450;6.693.184.102.293.400;13.754.474.243.866.100;29.595.259.470.700.700;5.437.177.281.737.040;10.465.457.708.848.600;8.252.703.564.840.610;5.915.576.554.239.330;7.964.048.114.844.550;21.862.062.084.707.900
1.583.311.307.970.210;5.444.390.469.068.280;401.394.609.925.128;392.350.644.475.364;32.306.568.917.897.300;16.892.384.248.283.900;3.010.665.107.457.250;2.900.920.528.218.650;43.620.986.492.863.800;26.621.569.428.094;6.767.960.886.324.320;67.450.163.903.305.000;9.353.680.950.430.830;9.743.907.230.108.550;26.420.985.550.020.300;18.737.272.148.339.000;12.412.259.403.853.200;11.608.304.737.390.500;20.166.032.175.483.900;656.298.286.367.582;20.008.085.985.395.900
757.141.041.048.629;30.395.867.680.179.200;5.427.929.103.603.340;17.706.525.325.660.200;10.958.442.701.479.700;2.679.521.965.058.500;12.132.533.723.581.100;13.394.534.290.610.100;24.309.818.706.283.800;3.669.910.061.031.880;5.173.886.070.088.710;0.16685361239840601;12.064.728.645.917.300;16.752.478.770.760.300;17.023.099.264.578.500;3.246.370.498.671.100;11.224.911.398.603.800;4.665.473.217.323.890;18.134.469.732.113.100;34.328.736.606.493.800;17.100.844.344.043.300
8.854.049.542.245.370;10.149.549.877.058.100;30.016.735.678.300.100;4.586.007.296.220.730;8.476.759.616.396.170;21.271.233.128.300.000;38.652.755.647.725.600;9.214.823.950.157.310;16.352.368.437.432.300;16.236.035.544.296.400;45.202.887.766.659.600;5.185.377.554.137.650;6.718.467.594.480.970;19.833.959.334.542.700;4.517.933.111.121.400;4.839.507.320.597.800;18.569.033.258.176.900;13.460.181.816.454.700;3.692.493.976.011.080;38.965.388.616.056.300;2.071.144.293.384.350
33.987.959.156.694.400;5.197.841.322.899.430;42.618.142.040.725.300;3.524.489.262.708.820;7.037.543.587.496.710;5.839.250.592.184.530;2.437.907.856.647.620;12.708.106.245.908.700;34.536.464.875.528.500;29.728.578.265.596.400;13.950.859.183.451.200;0.07970250396323568;9.126.788.798.455.990;11.764.234.525.343.900;56.262.959.697.624.700;27.410.630.306.375.100;17.562.180.017.668.000;6.600.416.005.185.630;50.892.329.943.024.500;8.728.204.939.088.020;21.276.931.994.554.400
6.836.274.992.340.940;5.091.744.280.112.010;5.037.792.199.103.390;406.152.818.295.895;47.752.664.417.325.200;5.327.692.005.913.990;29.950.354.171.277.700;7.336.756.170.813.610;6.944.158.747.212.030;2.732.708.607.078.730;20.432.949.820.713.900;6.460.403.455.452.130;9.449.186.146.684.420;7.141.951.455.437.320;7.614.002.597.241.040;407.360.230.200.789;2.850.033.879.463.570;12.071.636.182.735.800;30.690.060.472.968.400;654.735.545.892.148;19.970.108.744.179.300
9.098.704.371.013.650;3.311.062.039.700.950;43.627.832.376.466.400;3.961.011.960.460.370;9.149.993.284.112.020;4.225.986.031.523.110;28.916.876.310.242.900;21.696.006.161.524.700;33.047.340.264.430.900;22.008.408.669.592.900;59.015.444.043.555;0.8087405904502737;5.286.579.571.258.360;3.199.610.288.630.370;11.431.197.400.831.800;3.117.988.449.465.740;9.711.658.504.144.850;5.869.419.637.589.940;15.722.562.789.297.900;5.253.812.317.634.450;11.100.301.017.655.100
2.115.800.579.971.940;18.973.708.569.522.900;5.709.343.015.809.900;3.028.822.029.986.800;9.363.285.607.006.900;5.510.005.771.273.500;3.948.491.426.614.900;8.081.051.253.282.010;15.241.201.822.868.900;30.766.744.163.406.800;29.742.987.136.276.800;2.001.915.003.513.320;18.327.546.314.468.800;16.786.695.381.078.500;5.539.697.156.759.000;39.411.945.527.113.200;7.905.109.379.223.640;7.184.982.623.212.200;23.049.901.394.759.100;4.565.822.578.362.880;20.748.806.266.208.900
7.659.279.722.720.720;14.815.887.122.715.500;32.003.942.494.314.600;2.049.286.341.539.550;3.050.255.238.768.040;1.389.935.717.128.580;12.650.396.757.440.900;51.971.370.545.114.800;19.499.788.409.317.200;3.418.586.491.240.360;4.236.992.790.367.410;38.634.736.662.647.400;18.393.087.647.309.100;11.789.158.327.872.700;1.917.039.551.938.290;30.822.488.654.519;14.551.225.145.921.700;10.155.482.553.611.800;3.408.265.953.139.710;21.614.536.885.920.600;2.143.260.308.401.140
6.098.125.616.947.350;33.154.464.494.624.400;27.643.966.070.645.200;23.868.285.372.705.500;42.716.916.916.631.800;5.119.395.387.528.700;27.475.338.874.005.500;2.238.649.857.394.980;26.756.110.177.842.800;1.659.978.914.213.340;27.242.830.622.703.100;0.8082545574725001;7.225.293.128.051.800;13.333.106.806.287.300;457.144.479.784.962;20.374.224.469.096.500;1.423.336.884.336.930;55.783.508.426.237.000;7.889.558.909.015.260;6.599.328.870.856.180;5.780.021.402.954.800
28.292.950.590.748.300;47.755.170.473.921.400;5.896.132.786.175.600;2.739.706.080.149.410;2.979.751.423.196.580;291.956.999.184.976;31.412.860.029.893.200;26.703.794.022.695.400;18.677.602.621.945.800;2.220.377.086.173.950;2.037.948.980.178.900;599.208.265.425.006;35.030.097.612.689.100;6.623.974.575.031.710;3.074.569.839.861.680;4.090.658.996.614.530;14.238.555.106.924.200;966.595.190.383.882;22.022.621.775.993.000;9.056.595.512.358.030;21.953.462.417.405.300
4.669.226.306.861.490;3.446.979.614.004.450;2.947.325.034.014.750;210.425.616.254.627;50.188.384.776.567.600;4.318.802.032.355.920;2.942.929.393.323.620;3.798.212.565.128.550;57.801.736.009.636;3.597.586.611.822.640;4.040.686.081.076.840;22.423.289.046.141.700;7.132.081.541.661.650;5.738.259.201.287.630;5.077.972.716.773.190;5.977.054.424.228.700;10.656.689.282.446.200;7.743.370.540.650.840;16.149.581.945.458.100;5.857.009.128.636.160;8.208.532.461.875.810
468.500.787.851.342;343.555.353.036.248;2.328.529.703.891.480;40.530.033.233.618.600;4.335.161.282.382.520;7.280.735.382.203.700;2.987.459.006.268.830;1.784.986.442.793.910;33.646.122.109.119.400;20.070.888.697.499.400;7.527.602.628.601.420;0.9345785298446809;49.029.775.558.711.000;16.988.032.004.190.500;5.219.163.704.745.650;32.726.357.365.645.300;30.782.898.280.389.500;3.523.866.028.281.310;17.192.905.644.235.200;526.894.623.252.053;4.092.598.783.458.350
5.052.197.189.861.710;5.429.274.758.900.530;3.261.867.529.579.330;21.986.971.891.770.200;19.451.566.190.998.500;683.011.244.924.541;24.957.591.812.726.600;30.262.322.879.853;20.428.154.945.417.900;10.253.222.310.778.600;1.662.409.657.327.340;36.705.540.994.950.600;12.062.095.075.275.700;18.468.325.277.480.500;51.523.331.375.951.500;2.310.529.110.810.630;4.591.634.380.739.120;10.917.712.120.357.100;4.289.460.880.439.890;18.261.496.823.648.900;9.237.465.178.534.200
5.251.419.943.201.400;3.596.384.792.124.250;12.530.561.531.361.600;7.540.203.356.563.440;9.064.428.316.514.450;6.185.695.292.936.680;11.580.968.254.669.500;3.604.484.479.244.050;35.863.188.401.262.300;16.631.615.022.993.700;25.147.811.531.647.700;4.512.106.475.898.030;19.478.270.124.190.500;11.111.434.472.142.300;54.548.956.268.505.500;1.452.232.220.712.640;9.236.338.691.275.490;1.372.536.798.993.510;10.625.655.030.990.100;5.023.584.423.542.190;1.539.959.353.659.530
25.788.610.736.604.800;1.300.204.123.300.080;10.084.467.443.734.600;53.025.732.956.674.100;9.230.370.017.283.130;5.877.671.413.468.430;6.534.483.783.957.660;12.990.186.675.231.500;16.405.055.990.773.700;51.388.954.380.866.800;7.257.827.962.739.720;4.470.264.660.129.880;1.318.439.643.946.770;18.375.564.993.644.700;2.786.404.616.599.140;3.181.309.083.527.230;10.554.596.085.166.900;11.912.525.254.113.400;469.712.353.713.986;38.552.006.040.296.200;7.157.222.167.949.330
48.923.458.938.412.800;1.590.841.790.941.700;2.212.545.527.998.550;12.756.405.116.506.900;6.549.429.581.020.390;28.001.392.710.669.300;20.878.865.458.680.900;4.520.638.411.485.440;21.770.354.867.855.500;6.551.471.377.565.920;3.187.329.050.191.310;0.2963341270823997;38.926.442.936.276.600;11.219.614.976.284.400;31.592.915.095.732.600;14.731.027.884.134.800;864.944.921.308.473;12.731.432.737.095.700;5.095.003.367.045.440;4.025.987.274.584.590;9.516.310.572.255.190
7.147.700.238.705.700;12.335.256.398.363.300;4.520.954.284.417.500;36.334.786.041.174.400;3.525.950.048.671.510;18.034.198.655.487.400;22.554.622.487.787.700;33.847.639.906.491.600;2.477.242.351.743.270;3.230.975.253.502.630;3.809.628.422.842.660;4.234.420.656.750.220;5.667.515.993.879.920;52.104.621.982.767.900;3.852.008.780.397.480;3.212.059.926.786.150;7.926.950.023.646.150;14.720.691.151.255.700;3.460.281.488.865.520;1.462.405.149.331.150;1.683.882.584.730.970
11.721.506.090.134.600;10.117.708.274.776.100;5.559.770.621.271.590;247.538.451.323.026;5.494.810.337.093.430;11.501.334.651.699.400;19.886.669.261.316.800;4.926.101.554.493.480;20.606.765.215.754.100;5.745.629.271.600.290;2.655.651.427.569.810;4.520.300.523.032.160;6.099.139.616.235.560;11.645.847.858.251.600;504.132.659.537.911;27.912.307.983.661.500;13.782.173.925.507.800;50.616.123.500.373.900;3.019.724.058.029.400;45.579.965.264.097.800;13.946.077.292.136.900
2.559.161.109.838.620;203.935.499.841.004;28.825.063.375.868.300;2.741.008.124.690.000;46.048.176.131.417.600;8.256.397.333.864.290;41.519.133.656.560.100;7.722.556.861.447.270;182.685.025.481.727;17.926.772.543.486.300;5.875.241.796.677.930;6.792.695.373.926.490;29.946.880.979.625.300;0.8041263221037162;499.827.809.396.703;10.010.197.914.653.800;1.381.867.414.224.950;25.742.748.775.145.200;4.260.666.428.879.610;583.985.669.283.179;12.724.391.675.404.700
24.090.154.495.194.800;3.254.380.018.246.680;34.269.007.604.426.900;9.861.263.766.449.900;815.827.818.700.412;5.068.737.570.035.650;3.747.379.596.430.420;6.205.552.489.776.280;22.686.006.177.131.300;13.359.474.910.731.700;15.645.780.412.942.700;476.756.611.930.214;910.726.147.416.015;1.582.946.619.935.030;8.403.041.552.686.050;2.098.991.530.008.360;16.984.275.475.530.000;9.085.070.710.991.260;29.547.486.704.168.600;6.157.484.565.027.970;15.193.443.578.268.600
7.191.159.879.812.500;44.217.727.222.705.100;3.890.885.275.006.960;3.751.842.953.367.980;7.943.591.228.016.810;46.753.003.954.538.900;5.757.580.056.745.530;2.142.918.840.005.380;5.664.482.734.457.270;7.926.387.331.214.120;50.398.324.403.790.600;5.478.890.715.681.460;2.851.089.095.486.860;17.730.856.732.527.700;508.861.875.968.661;24.342.656.319.624.300;13.979.048.387.638.300;11.685.856.546.418.300;4.539.098.665.509.020;42.699.409.700.438.800;17.484.897.482.898.000
8.355.830.728.314.360;5.353.585.533.818.730;41.176.408.952.154.700;4.733.156.341.300.720;11.864.094.021.029.200;6.029.594.170.579.150;40.302.504.946.273.500;40.622.819.878.380.200;6.564.714.848.727.100;360.339.023.101.619;3.199.510.357.846.960;2.998.191.371.657.420;27.791.681.601.069.000;15.680.101.048.403.200;11.552.649.330.202.000;10.874.568.287.096.100;4.890.906.827.438.540;5.069.413.519.841.600;5.022.946.296.800.250;7.137.710.125.122.860;22.976.837.875.642.400
5.356.736.096.541.700;1.413.565.531.398.790;3.111.844.617.540.220;4.421.716.151.216.510;1.769.241.815.232.360;5.176.538.467.637.870;17.292.125.934.401.600;321.051.651.705.748;3.188.276.160.202.280;5.975.062.278.154.150;3.523.224.538.997.420;3.639.581.320.532.860;13.941.649.270.526.900;1.791.115.608.678.870;75.102.443.965.250.700;16.915.793.447.117.200;14.825.065.267.196.600;4.726.280.122.398.810;4.770.960.230.982.970;39.272.268.510.998.400;14.704.889.111.366.600
5.540.669.902.624.730;29.954.383.141.363.000;352.185.471.095.671;4.718.584.526.825.360;9.497.092.447.589.980;3.486.280.628.583.420;16.368.689.512.724.300;51.110.937.839.322.100;36.187.885.909.996.300;36.722.677.922.872.600;9.035.675.274.428.130;4.881.856.582.260.300;4.035.843.013.298.280;15.625.472.475.319.400;9.408.573.697.078.120;1.572.211.013.970.090;7.781.298.293.204.970;9.051.689.082.062.460;3.869.697.506.302.670;15.142.746.314.376.000;174.251.371.280.373
45.255.258.074.837.400;3.715.919.401.588.510;4.780.389.392.800.520;13.825.120.236.836.300;9.188.715.231.302.850;56.881.155.284.869;15.940.751.306.261.900;16.106.837.183.210.500;3.594.578.550.705.610;13.223.369.686.259.900;7.537.199.700.163.780;10.417.714.538.796.400;4.687.699.989.593.970;1.876.001.978.509.320;14.692.435.826.073.100;20.460.704.623.983.000;10.624.712.949.868.500;5.471.025.844.718.720;12.236.238.013.434.600;10.816.228.607.579.900;18.173.718.421.096.500
758.443.079.703.327;5.453.435.579.097.890;12.056.463.364.451.000;37.210.756.218.762.100;9.327.988.970.256.070;4.970.558.037.534.720;3.399.922.787.436.100;21.805.894.061.503.700;25.292.459.480.927;162.912.213.048.202;6.442.364.776.652.410;14.269.749.244.836.200;6.049.359.238.117.880;4.018.576.965.663.650;1.831.583.445.936.120;11.089.444.448.786.900;12.776.500.353.599.900;18.671.829.197.950.800;369.129.994.135.457;7.228.483.527.784.680;7.718.591.926.480.250
9.287.609.721.252.200;5.236.659.871.037.990;10.716.754.074.227.400;1.334.403.025.235.520;6.453.864.497.633.310;3.003.931.347.472.450;6.006.081.132.918.370;701.465.009.566.744;8.951.963.373.883.530;13.050.178.874.918.100;742.525.691.063.463;6.821.838.469.980.750;3.138.145.958.409.340;4.284.941.399.898.920;2.443.083.008.665.550;41.152.735.085.366.600;8.218.513.250.902.150;4.730.218.598.367.330;2.724.598.020.576.130;2.653.928.601.968.530;7.627.654.777.493.800
4.124.243.591.396.220;5.707.115.464.860.460;12.019.164.073.382.400;5.190.814.321.531.890;5.848.725.215.308.780;4.779.852.927.748.660;3.133.659.654.072.690;4.355.442.357.484.240;21.325.173.203.111.800;27.386.952.612.497.300;50.084.917.798.994.200;291.578.990.685.955;4.071.824.193.099.630;7.627.458.223.226.840;11.026.766.289.227.600;18.015.241.002.097.800;13.322.976.859.125.400;0.39373986679736817;10.059.125.455.319.600;7.915.325.541.387.890;14.362.090.305.563.200
5.428.861.122.177.890;5.444.955.186.904.680;54.939.416.860.776.200;5.347.217.863.630.650;7.035.729.413.892.170;5.776.814.365.936.850;17.039.307.176.615.700;6.999.976.499.296.060;21.485.221.276.604.900;8.238.346.680.525.060;5.969.826.983.954.370;33.410.972.217.523.000;7.606.689.193.386.650;18.108.928.889.700.400;5.132.816.013.233.880;5.339.483.495.230.050;997.611.544.477.572;1.117.623.521.099.920;2.963.636.314.132.790;1.411.629.958.977.060;10.059.742.132.672.100
4.282.055.013.454.540;3.330.491.110.758.440;2.044.545.194.945.030;30.790.629.324.882.500;3.274.566.817.592.860;49.935.355.250.940.700;10.044.180.261.995.800;50.299.495.561.563.900;5.959.267.848.091.320;31.004.792.547.374.700;2.150.233.652.730.100;3.033.226.902.313.100;7.392.988.870.935.320;8.391.067.950.161.440;21.436.209.045.888.700;38.422.994.787.736.900;1.870.165.204.801.180;8.319.785.198.244.840;48.197.907.082.584.100;9.030.494.485.492.690;14.302.887.391.207.600
8.568.044.552.726.680;5.059.416.375.635.050;6.121.681.920.724.780;3.380.125.564.946.070;2.936.012.983.002.230;6.349.293.704.302.770;37.097.176.014.865.800;43.794.789.818.525.800;21.531.511.361.982.900;16.578.708.617.378.300;38.745.849.776.604.400;6.477.909.519.096.580;16.526.673.998.492.200;19.840.481.260.010.900;9.641.405.615.663.930;3.017.432.450.108.270;48.980.292.708.275.500;10.547.817.528.734.500;2.696.585.300.187.570;8.813.778.165.510.550;22.337.637.625.205.200
6.596.557.065.027.080;13.721.669.796.395.100;18.339.082.159.075.700;5.076.545.390.362.060;3.210.202.035.262.140;1.385.741.896.576.230;65.277.620.445.986;40.442.859.610.901.100;30.320.713.499.230.900;1.680.399.685.774.130;3.799.349.721.993.400;4.999.271.455.304.160;18.238.498.274.663.700;8.147.275.673.256.560;28.929.375.201.681.600;2.051.013.794.231.880;10.150.574.552.936.500;8.898.652.948.846.950;50.085.786.267.248.500;6.684.487.930.818.680;16.220.101.881.470.900
8.660.893.818.055.900;6.808.417.124.432.450;35.387.420.068.087.800;3.850.983.215.111.550;3.997.853.241.512.990;6.039.258.582.139.090;12.593.264.956.999.100;11.445.321.568.131.400;4.052.334.991.590.590;24.337.137.940.033.700;6.066.050.818.256.320;0.6125003031008888;28.106.528.126.873.100;14.227.311.993.039.600;549.620.632.066.441;3.798.989.102.702.490;716.956.009.225.166;4.295.705.440.106.830;6.169.980.362.800.780;6.941.652.179.517.950;12.417.709.614.653.200
6.053.778.850.057.980;31.888.893.234.164.700;2.792.535.470.740.580;15.497.030.704.889.700;4.405.856.977.438.840;13.137.995.072.849.600;4.085.224.997.142.980;51.165.334.450.691.600;14.823.885.395.528.100;1.063.281.647.530.270;6.256.184.663.135.840;3.254.525.933.403.780;6.869.613.504.054.230;19.557.998.627.358.200;5.416.753.526.054.420;29.538.952.469.581.000;12.876.555.825.229.800;9.748.705.350.885.080;60.972.965.796.871.300;4.662.313.889.648.350;17.117.420.664.143.800
3.061.187.663.259.220;5.706.868.591.353.690;12.741.259.925.332.000;19.298.902.741.444.000;4.928.426.569.224.350;29.229.892.105.822.300;1.266.876.521.948.770;27.605.452.066.900.700;9.964.005.405.493.910;14.603.418.256.471.800;7.578.972.298.736.320;5.472.203.732.627.510;5.368.715.577.397.530;8.642.387.093.206.310;35.161.476.925.225.700;29.598.959.202.176.300;6.134.762.235.857.590;2.868.184.999.357.800;3.568.039.270.102.760;29.528.822.731.430.600;11.355.714.692.964.300
2.305.795.674.085.650;32.356.616.172.259.100;0.17302451833089155;26.024.198.288.543.600;41.859.769.560.244.700;53.776.137.181.504.400;1.740.202.814.926.490;6.551.164.035.297.950;13.618.162.166.254.400;1.716.946.056.924.450;3.776.276.744.868.290;29.059.682.315.140.800;6.582.801.833.715.790;14.935.590.364.543.600;2.688.711.551.323.790;24.052.732.861.444.100;12.544.860.459.209.400;11.098.295.816.060.800;23.149.960.513.638.500;12.019.136.644.302.300;13.233.323.240.734.100
8.680.247.295.515.190;9.488.910.650.777.710;32.833.121.813.354.200;18.951.073.577.709.400;7.949.633.197.075.820;49.013.508.121.693.900;5.986.581.180.330.560;3.297.560.334.212.580;11.255.716.627.677.900;1.437.559.755.986.620;6.627.521.483.680.940;6.771.359.523.576.140;5.845.030.972.750.260;10.498.699.658.855.900;42.505.719.883.600.900;10.918.274.475.487.500;13.361.562.701.061.900;6.038.580.539.256.200;7.115.908.256.919.050;8.011.105.209.457.160;16.804.554.775.468.900
4.477.158.886.526.170;28.603.477.907.305.000;5.746.207.471.147.310;4.956.175.115.007.790;2.702.677.396.362.790;5.259.664.357.637.110;7.131.880.034.596.270;7.226.780.533.878.820;3.152.700.015.400.370;4.583.190.469.308.750;3.801.315.032.799.330;12.854.553.975.832.700;5.365.387.123.026.900;1.383.926.032.391.130;4.752.261.391.590.630;49.994.447.770.924.700;16.862.119.621.676.300;9.241.443.961.651.480;15.163.512.365.659.600;7.817.284.186.255.310;1.570.464.048.164.540
3.651.814.587.592.490;11.260.546.590.898.900;5.738.826.530.473.280;27.392.256.459.056.000;6.784.748.190.000.130;556.682.232.972.514;14.909.210.405.216.100;1.965.022.732.195.430;11.400.596.225.836.900;1.443.125.500.229.430;35.593.748.296.141.000;4.908.981.006.140.200;5.381.842.480.398.890;17.604.272.231.140.000;5.448.392.636.036.270;5.620.851.767.136.820;8.480.695.067.496.080;0.8691323329037178;518.397.313.338.135;4.982.102.632.105.070;2.415.849.823.196.430
7.616.049.528.460.620;4.737.671.092.425.220;24.010.694.591.053.800;21.649.318.355.663.800;2.853.713.673.485.580;4.913.651.233.967.890;3.957.718.431.496.990;29.908.444.008.844.500;2.066.923.797.012.400;17.735.736.259.635.900;6.631.774.532.713.940;16.241.049.452.858.500;9.067.994.044.948.560;14.597.747.397.657.700;3.936.822.483.192.750;25.148.440.975.328.500;14.874.389.984.182.500;6.438.073.059.296.630;3.854.045.711.942.390;7.500.046.073.028.270;12.933.763.768.818.100
27.639.641.517.896.900;3.337.449.859.287.260;20.555.902.129.914.100;11.235.472.146.002;8.536.334.550.236.120;28.855.973.503.465.400;934.743.982.771.529;7.147.194.675.892.670;17.747.664.000.417.600;22.248.822.070.966.300;738.206.728.636.941;3.881.039.134.481.170;8.000.073.702.841.060;6.609.784.571.684.500;878.971.237.849.912;20.374.247.786.755.800;4.804.218.062.674.580;7.983.320.380.361.020;2.466.295.315.204.590;7.527.088.017.368.970;10.493.709.744.751.700
1.441.875.486.920.070;17.618.099.715.597.900;2.638.352.738.756.710;27.372.159.565.133.100;670.337.618.099.752;10.551.779.976.369.000;10.425.008.998.080.700;49.825.771.979.573.900;11.673.048.120.461.600;1.340.947.450.440.980;25.439.393.060.117.900;5.551.762.351.440.170;20.163.267.196.327.800;6.160.309.208.911.110;3.244.389.192.228.000;8.859.484.904.423.880;15.748.943.390.782.500;13.388.879.684.951.900;38.529.262.053.725.500;4.965.491.662.760.470;13.712.107.692.125.700
18.555.470.214.439.100;3.872.548.195.427.720;5.579.911.764.613.740;9.762.696.320.901.640;8.709.812.204.405.130;4.178.034.055.489.980;29.622.406.077.111.400;1.418.231.508.788.730;13.471.468.980.514.900;11.095.069.983.173.200;8.573.145.397.155.270;0.436045126310356;36.446.086.555.002.900;18.299.680.992.741.400;14.967.660.755.610.500;4.732.509.445.325.990;13.076.984.825.962.700;568.440.263.985.028;3.635.329.071.944.490;4.958.447.752.507.420;17.443.191.036.503.700
6.189.121.977.956.600;2.103.953.265.145.570;15.832.794.416.246.200;24.299.746.383.618.600;24.315.186.827.394.400;2.628.581.301.159.470;18.787.538.460.255.300;1.282.083.872.321.180;1.939.310.119.887.900;3.183.399.182.460.550;7.646.003.381.307.430;0.2732323265289485;6.737.519.247.866.600;18.386.730.294.658.700;46.421.980.787.670.000;14.136.979.610.015.100;1.603.474.453.877.650;13.229.164.712.868.300;15.407.937.505.113.000;2.823.136.055.939.520;13.713.021.596.741.200
7.619.610.515.070.760;3.772.056.985.090.330;476.754.593.871.796;50.930.463.156.994.100;26.996.432.418.843.900;31.971.292.675.814.400;7.193.458.680.522.730;22.659.098.945.541.100;9.633.226.938.283.450;26.109.763.105.606.000;22.739.576.106.220.900;64.367.867.530.298.500;27.832.798.077.955.400;7.580.334.631.952.470;242.729.744.974.219;9.127.534.521.282.080;1.530.065.931.867.010;11.512.237.562.902.500;7.966.962.202.623.970;581.711.743.924.479;21.849.324.882.867.500
4.092.010.144.982.450;17.678.027.398.444.800;16.103.005.213.177.400;3.862.605.159.591.340;1.029.800.465.395.190;1.570.307.764.455.700;3.717.541.370.142.810;4.421.096.723.439.060;9.024.398.485.881.370;37.046.118.846.259.100;2.914.460.349.965.650;68.170.957.235.271.200;8.158.871.329.855.810;12.514.521.752.305.200;5.739.132.759.619.580;5.499.805.741.022.590;2.346.739.568.878.020;13.071.983.605.266.200;22.493.285.321.972.400;21.637.769.103.459.100;16.586.770.551.879.900
30.760.599.542.866.900;3.030.020.658.041.550;40.152.390.742.316.000;3.336.604.994.000.940;8.416.996.031.062.650;35.220.436.518.269.800;25.000.422.650.368.300;7.159.031.241.120.980;1.776.318.230.424.570;20.315.973.577.883.700;4.646.865.518.784.520;3.099.739.952.428.440;198.650.929.246.814;6.164.937.204.148.150;2.484.379.246.600.890;24.267.476.844.211.000;373.233.719.628.427;21.719.899.147.209.200;30.961.510.164.038.800;13.270.212.817.303.300;12.731.612.042.910.800
7.539.258.189.620.530;434.404.535.316.959;38.951.881.371.162.900;3.728.015.118.615.040;5.804.432.377.445.910;3.232.513.823.241.450;6.654.020.363.748.530;7.813.225.715.684.230;6.548.204.100.224.330;3.676.804.000.096.110;6.358.482.576.485.200;0.9972588658825577;32.151.553.176.135.600;18.256.990.354.497.000;1.759.140.370.919.570;13.004.696.303.744.600;7.410.750.340.105.990;782.777.059.766.566;9.314.953.209.951.840;6.289.815.244.781.740;11.673.698.970.940.900
6.038.508.964.191.880;5.907.961.219.124.940;3.326.725.964.745.520;3.485.976.773.773.460;9.269.619.982.523.550;20.500.655.591.130.800;5.965.868.570.191.500;47.012.607.766.963.600;11.762.567.993.119.100;33.954.373.695.654.300;3.718.212.750.926.410;5.819.369.143.431.270;6.631.089.243.117.320;1.899.088.580.224.460;2.239.122.952.796.370;4.622.559.547.991.190;16.465.400.610.915.400;4.194.613.325.559.700;21.297.857.602.704.000;60.278.990.995.499;1.557.749.026.661.870
7.842.525.593.274.100;3.476.412.916.813.970;13.419.222.576.048.100;7.609.773.325.468.940;5.543.279.550.808.770;35.474.352.448.303.500;22.525.664.048.537.600;11.805.649.238.797.300;27.069.191.432.945.800;9.525.409.453.659.760;41.302.262.265.440.500;38.789.997.947.045.500;8.357.359.178.817.620;1.209.231.379.787.540;55.498.800.038.089.800;15.447.673.928.342.400;17.496.068.447.235.400;7.348.565.824.420.310;5.309.497.718.648.720;13.051.173.779.832.300;14.874.852.000.517.300
10.393.899.229.376.300;44.244.264.556.221.100;2.194.034.491.575.270;329.185.946.035.528;25.431.574.294.465.300;4.689.057.898.659.570;14.483.620.433.704.900;33.638.598.340.566.500;2.664.597.306.405.880;156.969.247.780.255;2.082.799.451.273.060;5.531.300.351.848.320;3.414.678.069.506.750;32.026.319.031.338.700;14.720.250.888.346.900;5.242.623.805.939.790;17.216.164.374.162.500;1.986.247.562.280.600;35.050.551.723.331.700;10.975.579.449.360.800;6.963.891.022.048.720
236.574.309.222.285;32.969.369.703.964.400;20.606.507.909.938.400;501.419.902.058.993;7.206.799.392.029.980;6.360.643.359.995.530;31.424.361.378.168.500;4.094.899.874.233.640;27.292.781.543.422.200;8.445.705.417.446.810;7.662.725.972.491.660;0.5596909703416658;6.776.917.000.108.100;13.964.534.233.968.600;4.329.383.877.764.150;14.897.880.393.863.800;26.538.202.647.881.800;16.330.890.309.663.000;3.527.403.628.202.950;13.064.232.568.551.300;7.263.053.899.722.920
4.879.835.313.071.880;4.078.733.019.113.740;36.149.023.620.700.000;4.736.399.967.728.170;16.746.340.830.837.200;2.849.006.195.161.060;23.010.270.792.543.500;530.264.733.676.015;12.742.691.836.942.700;2.152.347.728.000.820;4.489.567.772.883.430;0.4229955364755091;8.225.614.683.490.920;15.090.399.291.909.600;29.870.993.768.317.800;43.716.972.986.327.200;8.928.112.538.070.810;5.149.826.731.560.100;33.366.983.783.933.100;9.295.665.766.977.840;1.410.242.926.275.270
6.709.843.173.682.410;28.271.235.714.634.100;2.225.856.245.338.890;1.531.527.718.320.830;27.962.661.853.416.900;12.345.132.403.112.900;36.612.434.031.718.000;4.775.432.742.154.260;18.910.651.067.876.800;333.965.400.030.747;6.040.417.926.966.850;6.514.740.204.817.080;9.926.563.099.276.920;9.958.402.379.556.730;39.565.587.265.805.800;4.380.071.543.421.120;27.548.821.410.940.300;8.343.746.372.924.710;45.478.852.566.379.500;10.652.151.655.397.200;22.399.252.387.719.400
5.420.879.177.703.460;2.838.280.890.421.690;4.784.268.672.456.100;11.580.311.451.129.300;2.857.974.776.140.230;16.140.609.682.816.900;20.713.777.482.135.600;6.914.701.181.169.760;3.304.688.842.435.930;7.385.750.313.645.770;7.455.455.197.655.890;5.591.026.492.228.440;5.669.628.672.225.010;577.920.356.459.901;22.696.626.232.104.400;3.421.296.453.968.460;8.165.115.677.643.860;13.391.359.146.958.700;3.679.345.767.474.280;8.349.100.217.063.370;13.788.415.636.592.300
46.056.913.978.748.200;593.881.299.195.052;25.355.576.182.920.700;9.766.970.420.887.430;8.375.617.460.617.280;3.324.502.344.326.940;32.714.494.123.340.300;12.068.712.894.822.500;21.162.102.158.537.300;2.782.155.795.711.540;5.497.018.177.289.540;3.989.685.661.157.230;3.447.718.296.972.190;53.698.399.396.371.200;418.895.404.414.684;18.836.040.676.464.200;2.718.522.091.324.180;9.889.184.772.561.150;3.655.901.059.935.010;1.810.688.592.369.920;14.018.107.041.542.600
501.504.326.794.837;3.028.505.037.087.650;25.774.145.992.049.600;2.714.724.609.499.650;6.500.675.562.262.790;18.219.498.699.792.000;32.825.611.320.143.200;4.387.737.351.979.610;2.580.889.937.117.130;1.524.144.575.920.180;5.652.722.089.266.220;18.111.941.582.712.400;450.867.499.901.404;10.230.874.798.089.600;15.906.071.287.878.500;44.161.967.450.392.800;6.182.006.450.899.400;5.652.800.265.916.510;3.511.373.060.691.440;22.234.735.282.275.600;10.594.292.826.545.600
7.523.842.549.155.520;4.341.501.176.246.570;47.508.133.785.751.900;2.345.297.593.946.400;11.044.752.855.452.200;5.383.762.384.653.860;28.615.836.985.991.800;6.951.078.025.351.970;558.950.270.873.735;3.134.767.973.072.730;594.958.437.695.957;25.330.253.839.215.400;5.499.519.700.882.560;18.825.230.375.908.700;10.851.628.190.884.200;22.340.609.720.315.400;9.932.169.312.320.030;9.699.914.150.366.170;9.692.566.527.353.130;7.120.025.590.904.260;1.575.249.177.920.640
5.032.271.622.456.180;4.636.953.176.082.820;4.759.684.729.703.480;5.106.976.745.629.060;16.276.827.949.547.900;5.137.703.051.935.300;1.573.112.531.371.600;7.314.901.296.996.000;2.744.737.265.181.560;26.114.311.958.930.300;26.600.068.623.948.000;4.383.004.965.502.770;9.398.180.978.119.630;17.600.598.389.363.700;3.923.096.377.461.610;18.301.465.397.041.400;13.456.963.973.446.200;8.886.359.848.562.040;38.713.718.317.985.300;5.978.361.793.073.840;22.858.550.102.896.600
39.148.084.493.702.700;3.993.863.095.979.090;5.457.102.923.684.050;24.796.591.285.202.300;7.209.508.687.737.860;52.878.437.045.133.900;3.768.906.921.315.910;8.083.681.046.795.510;12.208.440.917.127.200;297.620.563.769.784;645.739.654.730.629;0.9561225523735495;7.842.364.433.729.790;1.424.841.631.699.030;2.140.985.280.043.760;3.252.713.955.110.630;7.360.259.527.212.530;11.085.078.432.702.400;5.066.851.250.869.070;13.456.137.148.605.600;2.350.572.276.564.680
8.214.148.058.028.090;87.192.228.291.734;4.744.342.247.983.820;3.892.240.640.624.470;25.987.523.147.463.000;42.525.369.086.043.300;3.058.361.662.103.280;7.430.770.328.372.090;11.010.240.743.827.900;24.736.927.538.601.500;7.026.127.218.099.020;6.156.514.396.551.910;49.719.048.290.958.500;11.616.327.594.351.400;26.533.863.189.180.400;7.883.908.157.795.080;20.770.825.267.429.300;4.181.684.410.074.630;30.367.408.303.769.900;14.395.902.435.309.800;2.251.387.093.635.950
24.102.828.864.530.000;2.672.686.515.281.940;5.190.131.274.179.970;18.052.994.301.191.800;3.585.125.692.725.300;22.722.994.086.364.900;2.060.181.721.437.550;5.992.321.129.412.820;9.445.211.501.357.720;34.427.246.424.902.700;634.511.548.713.001;0.8468860919752903;6.026.506.973.761.570;12.382.748.381.178.400;4.722.932.120.588.160;21.520.615.790.170.700;4.531.201.842.301.520;19.333.375.382.747.000;0.6619951977750771;24.992.281.617.547.300;23.861.175.202.834.600
5.301.451.396.365.060;4.701.684.873.690.210;5.297.428.219.998.610;4.696.520.383.718.780;2.462.981.223.875.600;20.915.445.554.655.000;8.355.937.341.054.850;3.696.677.429.202.930;11.592.683.417.401.200;1.966.365.437.292.520;6.775.650.080.889.230;14.684.558.290.072.900;3.537.054.881.568.120;9.561.182.395.007.000;23.471.217.751.186.800;5.511.825.468.965.820;7.996.641.983.465.700;8.273.122.222.333.920;34.818.237.687.372.300;49.282.759.085.523.200;17.661.101.785.685.900
8.912.298.743.062.340;1.855.940.537.043.720;273.430.930.934.346;39.541.238.250.534.000;8.511.628.051.391.310;5.351.497.762.887.790;29.438.951.045.884.200;7.855.717.931.403.710;10.076.798.542.186.900;17.439.293.922.554.800;3.045.512.982.835.330;56.047.655.579.908.300;1.412.999.112.947.830;13.901.335.825.545.700;5.308.577.964.088.190;2.981.396.726.703.160;40.572.036.874.792.400;9.312.046.865.248.080;2.592.465.449.898.720;8.184.796.441.759.900;9.828.122.791.488.380
6.618.053.341.499.790;56.282.181.001.279.600;5.646.361.022.075.750;21.197.488.032.161.700;5.324.977.015.946.440;3.484.402.752.313.830;6.292.565.378.480.670;599.209.597.914.119;24.523.229.834.603.900;1.812.346.625.120.420;30.615.733.213.147.500;5.101.446.743.843.770;35.973.862.432.389.300;13.994.812.396.601.000;23.711.643.960.565.700;3.707.708.982.004.750;38.775.045.640.184.200;10.469.270.218.773.300;15.139.798.275.590.500;46.490.751.695.464.100;7.105.974.192.998.450
1.644.961.403.662.380;5.015.651.422.084.200;5.987.981.130.948.730;29.850.112.362.951.200;7.411.754.195.031.530;42.927.304.852.056.900;41.183.306.397.651.300;4.224.381.291.286.740;15.361.336.309.174.400;22.502.025.334.578.800;20.798.163.614.913.400;2.238.292.899.808.010;7.487.985.511.048.200;42.906.381.555.068.300;4.831.760.256.739.000;4.006.620.853.374.290;12.183.897.416.598.300;2.143.041.341.935.960;14.288.172.369.303.200;3.117.023.775.151.170;1.626.856.447.017.480
8.717.648.313.402.320;16.057.791.734.752.900;31.548.031.478.213.500;4.306.596.004.156.260;35.850.486.321.868.600;41.192.799.556.191.400;379.439.775.856.045;7.017.892.503.978.570;12.366.339.960.237.800;24.421.034.199.611.700;5.480.833.605.434.850;6.028.830.635.915.170;46.569.561.627.440.200;51.524.282.017.003.600;28.232.534.752.800.700;3.923.511.002.349.220;13.120.804.840.190.400;11.131.793.542.657.300;16.143.984.177.531.500;5.027.268.971.628.300;1.442.726.238.719.830
484.137.488.468.933;19.423.564.088.251.900;5.486.285.407.521.110;3.909.289.604.035.170;41.812.085.479.158.100;44.366.407.059.437.000;18.345.990.040.193.700;37.441.422.580.185.300;13.127.410.966.693.800;41.615.443.973.583.900;33.169.033.666.423.400;6.668.790.916.215.610;8.853.052.033.039.990;5.596.215.915.081.660;471.118.385.228.952;12.240.785.534.350.700;17.432.028.322.192.600;11.216.052.331.573.900;14.976.156.831.745.900;3.684.334.298.465.320;12.358.704.964.765.200
4.561.396.107.849.990;3.723.367.080.195.670;3.448.884.123.487.470;33.855.042.482.149.000;4.892.200.084.396.540;2.801.781.746.919.900;7.550.226.747.476.260;7.514.777.351.783.490;28.891.964.975.946.500;10.122.427.116.123.800;16.886.624.820.133.300;5.939.116.331.123.760;9.107.313.668.315.950;13.807.871.336.338.300;4.156.011.975.851.800;5.072.234.287.105.370;765.886.348.696.273;4.606.248.424.956.970;12.419.055.465.308.200;63.496.578.015.046.700;15.640.731.509.024.800
8.998.126.504.275.080;4.810.160.286.800.580;42.635.065.304.742.700;26.936.209.322.424.900;9.216.594.141.874.290;515.204.761.883.782;2.731.569.578.391.260;12.832.947.763.724.100;10.509.815.975.806.300;2.156.684.301.630.140;18.899.764.518.081.900;19.177.389.624.717.300;6.326.026.416.357.070;10.017.133.944.755.900;20.101.817.054.586;2.746.380.831.720.410;10.129.143.333.682.700;9.318.252.710.692.740;19.289.437.186.978.400;30.471.844.869.099.900;13.085.522.794.918.400
303.775.760.711.078;5.559.977.422.310.460;13.513.534.675.365.200;2.158.573.828.510.230;3.257.686.170.552.340;5.528.633.398.384.760;28.875.191.122.073.400;7.609.893.722.977.160;21.597.407.040.366.300;3.844.680.380.034.500;15.454.873.714.446.300;0.8520452532282591;4.615.958.878.008.320;18.769.483.499.860.300;34.300.388.747.158.100;3.625.980.323.392.180;8.448.437.530.433.570;6.016.240.702.116.590;31.732.475.752.175.000;473.030.186.330.199;5.877.946.512.155.830
4.321.998.024.433.620;4.149.865.942.550.710;4.769.269.106.698.920;522.888.080.141.881;8.460.583.506.723.100;19.502.018.038.582.200;23.395.433.312.521.000;3.229.793.734.501.340;58.318.408.180.626.500;33.143.543.441.431.100;27.570.241.791.152.900;4.278.527.728.937.940;20.916.750.072.171.600;781.347.946.193.701;4.357.769.388.508.850;4.594.882.397.292.660;16.705.018.147.674.000;12.096.242.875.927.700;1.224.162.244.399.850;8.453.579.898.025.530;22.839.058.552.331.900
6.051.017.350.979.130;3.511.779.026.366.660;22.676.575.995.004.000;13.828.849.277.820.300;9.017.751.855.745.390;536.841.953.414.622;39.636.617.337.437.300;231.887.698.027.631;2.829.880.391.518.890;7.178.494.107.585.970;41.061.075.177.193.300;0.0868466727910537;1.089.712.107.621.260;17.680.350.301.239.400;1.249.828.607.823.850;26.246.017.692.044.400;11.749.543.270.869.000;7.121.683.950.654.420;3.055.039.314.932.360;3.067.849.716.707.880;2.781.243.572.330.440
7.326.494.211.252.640;2.667.500.604.973.890;1.628.635.949.942.360;6.079.123.825.158.930;11.583.423.980.969.200;573.618.374.922.622;46.278.675.833.539.900;6.917.370.566.012.340;30.047.956.932.966.800;24.514.381.290.734.800;7.512.412.085.136.580;4.051.726.925.394.660;21.952.962.091.655.200;1.684.000.453.978.730;3.328.448.123.851.200;5.592.546.133.548.560;10.382.364.779.863.600;11.979.865.022.447.700;4.421.795.493.781.630;1.094.093.116.085.700;1.839.460.013.498.440
20.316.757.853.627.800;12.753.994.331.381.200;11.187.114.365.104.700;19.052.856.890.171.100;23.956.377.903.622.300;49.363.481.243.435.900;3.933.028.934.123.200;7.413.215.949.253.720;18.006.576.481.225.800;23.577.108.743.365.800;4.286.995.036.822.140;6.419.151.372.676.780;6.046.259.965.472.960;0.6884642262041776;22.622.951.146.048.200;307.733.623.401.549;24.659.611.834.538.300;26.482.723.620.592.900;8.262.930.039.807.640;5.519.500.824.336.310;8.774.269.542.988.550
22.817.734.215.613;31.884.936.496.323.500;37.583.566.051.098.800;47.355.996.011.058.500;3.337.429.306.047.630;5.843.443.091.081.550;2.466.237.753.068.710;41.830.298.923.561.300;23.054.208.024.230.200;29.180.941.106.317.100;401.870.975.241.241;3.972.350.132.853.150;4.683.037.767.667.350;1.525.687.899.681.380;5.010.762.248.597.070;2.625.699.652.026.830;17.345.622.557.549.300;24.209.714.302.333.900;3.356.795.151.363.550;31.967.875.189.455.000;2.147.256.258.261.090
25.411.144.417.994.900;4.951.301.143.430.260;4.522.722.030.446.620;4.049.943.409.155.600;6.124.725.250.632.380;16.964.961.858.733.200;36.367.406.238.591.000;2.927.747.610.946.170;24.327.509.582.757.400;25.985.009.410.990.100;41.288.482.430.708.600;5.777.450.578.759.300;5.749.082.479.556.800;773.349.977.028.837;23.724.784.716.283.500;6.374.815.472.414.860;12.220.428.940.161.200;4.379.292.347.823.000;49.334.961.979.632.600;21.096.686.180.524.500;16.848.336.795.865.800
1.752.881.332.175.940;30.487.973.651.874.300;2.204.605.751.069.840;35.298.181.307.143.600;9.349.338.112.880.700;1.103.755.518.565.170;1.216.004.147.293.770;5.335.343.992.523.970;25.267.227.382.030.700;28.679.234.504.325.700;6.778.026.836.590.550;24.434.155.451.378.500;42.016.508.476.801.400;22.714.116.201.846.200;6.048.105.316.594.390;36.058.621.191.138.300;8.434.861.372.878.900;12.407.195.384.052.600;4.902.481.462.771.980;39.776.254.560.407.500;76.330.359.971.328.900
39.408.164.501.823.800;5.237.877.081.030.620;1.604.937.629.063.530;14.688.900.894.640.000;6.867.338.369.395.120;6.294.771.106.795.270;34.677.799.653.727.900;3.121.760.334.079.710;1.504.289.094.140.430;23.765.573.802.200.500;5.780.748.647.218.540;233.125.722.106.328;6.144.439.450.479.340;18.940.381.832.390.400;45.100.551.170.655.500;24.728.351.844.118.800;12.325.118.969.579.000;8.065.527.923.183.690;502.121.523.318.261;15.861.518.808.885.700;17.124.958.824.140.300
12.802.458.887.852.400;5.943.245.970.651.340;47.558.876.081.483.300;4.061.555.768.621.550;6.577.731.154.007.590;13.204.729.674.612.800;37.998.043.089.779.900;7.356.064.931.734.870;1.307.639.060.091.740;11.357.706.881.012.700;329.302.891.395.167;28.580.625.541.059.200;4.347.409.817.536.990;9.806.978.655.503.620;1.814.714.358.064.990;406.271.019.231.388;11.932.027.675.581.100;10.938.194.918.544.800;4.164.831.193.845.950;7.808.677.617.151.060;1.575.982.119.566.800
47.448.575.354.076.000;43.566.680.301.633.600;3.945.321.938.696.040;4.487.431.387.788.030;2.369.951.110.587.350;27.879.542.992.804.900;447.356.557.593.534;3.310.846.234.691.630;3.273.192.577.936.720;3.591.820.481.965.040;25.618.170.709.801.200;6.828.395.634.339.760;8.771.542.836.904.280;17.465.418.868.753.800;1.992.644.767.962.280;9.465.406.739.642.140;8.435.639.207.520.240;37.725.231.316.436.400;5.197.391.906.742.080;7.294.869.977.434.530;21.927.730.486.738.200
6.155.601.480.529.500;15.204.721.400.939.100;8.504.178.085.784.930;5.454.542.127.105.250;805.464.910.057.056;43.129.975.499.026.600;13.052.714.204.855.800;25.924.504.169.846.700;11.753.120.454.336.600;22.083.200.258.137.200;51.116.493.799.949.700;35.136.007.375.019.200;5.578.950.984.610.410;11.163.130.810.015.700;4.850.955.046.473.410;13.430.462.899.684.500;18.251.623.176.010.300;369.158.661.796.237;3.527.033.525.069.840;6.453.328.467.391.640;1.025.608.120.983.890
1.619.371.899.834.380;54.628.004.133.313.600;13.965.413.355.234.000;39.105.580.419.479.000;4.107.878.326.981.290;5.979.163.555.332.510;19.311.744.851.531.600;7.810.374.260.567.590;8.924.146.877.280.980;3.026.035.853.014.860;25.466.029.900.591.000;0.2916348147002651;6.690.965.921.980.710;18.900.150.909.707.800;8.981.179.388.382.590;29.092.623.789.218.400;3.419.983.099.994.210;4.742.253.642.305.170;2.055.627.456.342.550;5.534.861.910.797.260;8.742.677.523.517.050
18.381.272.123.347.300;4.372.169.800.649.490;5.985.850.261.238.720;35.595.286.664.884.300;6.407.193.235.572.170;5.241.980.802.797.560;34.809.178.226.437.700;514.422.497.316.517;26.651.749.112.352.300;19.049.601.423.826.100;6.283.474.115.685.150;3.303.934.129.154.530;8.619.992.823.874.700;1.483.930.315.788.990;4.249.324.471.771.660;31.370.400.811.549.900;17.656.136.870.734.200;6.812.457.508.643.730;5.211.499.067.251.690;3.888.789.493.451.870;25.661.026.571.571.100
3.676.809.759.997.850;20.234.855.679.091.000;9.160.502.360.566.160;6.006.711.750.614.740;574.175.429.306.874;1.119.235.016.370.300;27.528.323.196.532.900;6.865.311.523.568.390;9.860.699.867.512.250;944.137.671.841.124;4.948.662.913.294.820;10.516.818.496.656.200;734.300.347.472.569;15.437.132.748.057.200;5.539.702.747.045.550;583.702.940.998.108;3.237.342.764.537.280;3.933.253.440.303.220;1.800.897.557.816.310;724.643.540.211.253;8.626.011.137.274.860
9.230.274.212.822.560;19.100.095.334.996.600;6.360.680.692.738.250;5.226.076.268.114.740;6.689.041.462.855.400;5.556.931.568.071.070;33.719.553.953.925.500;3.606.392.179.093.500;10.977.634.866.836.300;1.892.776.696.783.880;2.917.499.092.863.470;0.25084144676832143;30.741.053.677.061.800;10.235.000.186.357.100;30.522.127.055.636.500;31.998.369.118.110.700;12.137.892.719.971.300;63.332.163.152.389.800;0.2840019218856663;28.979.964.545.873.100;14.504.476.045.229.500
8.150.480.940.752.520;11.458.558.826.719.900;3.498.374.219.344.580;44.022.409.331.685.700;7.538.514.949.310.490;30.419.659.037.120.300;14.107.359.306.993.000;3.720.118.092.799.310;32.994.234.972.352.400;18.807.711.419.306.800;5.127.083.524.514.790;3.607.310.117.872.670;452.926.670.614.462;13.610.512.851.296.100;53.561.419.309.509.700;8.510.044.197.300.270;11.169.567.343.387.300;1.522.980.743.225.050;341.718.106.268.795;4.563.509.900.539.340;186.945.811.951.003
6.366.763.978.806.570;21.129.342.734.389.400;4.210.959.450.555.340;4.634.408.254.744.100;164.909.986.719.597;11.163.207.432.726.000;25.293.819.609.719.300;5.513.283.581.388.510;14.849.141.279.506.100;2.178.825.355.623.360;5.202.815.160.392.450;13.337.362.640.964.100;9.835.509.138.233.410;22.492.218.993.546.200;14.281.853.714.812.500;14.860.414.707.455.500;17.547.685.244.418.900;2.228.733.386.886.550;2.866.381.216.931.340;9.014.009.127.047.210;6.630.007.980.886.810
4.325.511.873.822.030;47.750.617.755.483.100;48.613.732.850.464.400;5.308.816.109.536.390;9.064.234.423.731.640;5.568.415.392.568.200;39.018.573.121.634.600;18.480.211.100.633.200;13.000.766.393.660.800;19.223.961.001.808.300;559.748.035.315.851;34.032.313.827.576.000;2.904.777.967.825.610;16.396.346.569.262.800;2.719.940.659.574.090;50.359.640.824.344.600;16.682.692.554.495.400;8.949.166.410.344.850;1.768.081.335.118.020;583.822.414.360.212;20.786.477.864.612.000
32.939.392.351.860.400;4.700.003.669.075.450;34.620.201.914.338.200;2.897.916.965.599.230;2.747.761.559.637.820;9.885.184.646.452.000;16.945.515.470.277.000;30.099.083.724.467.400;14.299.700.046.820.100;3.569.365.738.058.960;49.593.257.865.924.900;0.6506428279230527;17.367.072.271.736.500;3.425.815.259.183.360;479.596.581.441.367;1.205.665.543.594.510;10.064.323.718.892.400;13.823.959.635.177.100;7.666.756.737.687.110;2.235.631.487.581.430;5.092.414.561.683.750
7.869.450.367.594.960;5.154.950.778.985.670;33.598.213.473.937.600;3.030.047.585.454.600;7.428.276.074.524.650;802.076.212.125.134;36.253.275.362.027.500;1.739.871.321.390.320;23.698.389.333.521.000;7.844.678.254.415.850;6.774.453.371.047.940;6.859.269.090.085.070;2.215.780.194.439.590;530.234.687.878.233;46.951.240.524.666.800;5.006.701.823.540.930;14.445.342.255.773.900;4.117.215.283.653.860;12.494.890.348.123.200;4.578.174.672.943.010;11.459.526.714.972.100
19.186.417.981.662.700;34.934.456.334.102.300;48.015.333.866.745.100;3.846.794.030.637.260;9.199.965.386.262.810;5.967.824.329.071.660;19.061.681.572.542.400;13.651.055.217.013.500;6.450.986.325.497.010;3.114.558.648.982.810;31.054.284.096.942.800;24.976.639.406.002.400;11.106.586.081.801.500;1.403.857.278.762.040;35.794.793.514.382.900;8.973.710.482.314.020;20.577.476.423.418.200;9.866.049.399.911.250;4.286.073.277.474.400;11.876.694.403.991.500;18.997.574.125.206.200
50.289.156.573.581.700;27.293.557.922.805.200;20.876.795.892.716.600;29.370.428.965.191.300;9.593.912.079.912.240;22.309.632.715.121.600;33.793.274.050.720.700;21.175.160.770.706.500;14.338.113.846.358.300;727.581.846.327.609;7.503.501.955.387.940;5.420.276.362.553.310;920.219.043.592.498;988.845.816.020.003;3.023.502.062.042.050;25.983.587.294.625.300;8.014.085.655.936.490;10.750.285.300.005.400;8.262.910.570.728.690;8.352.775.714.185.090;14.374.870.176.206.100
6.799.039.860.916.260;18.192.931.943.625.000;21.728.157.925.881.800;9.239.365.797.698.940;7.670.901.917.112.510;17.206.639.825.328.000;35.912.006.599.359.500;16.558.657.290.492.300;1.360.701.819.930.840;38.079.365.229.664.600;2.101.432.808.164.430;6.408.686.808.518.340;31.182.786.712.190.400;15.080.609.926.958.500;27.216.476.416.979.400;4.766.888.353.204.510;6.312.091.886.322.400;13.157.436.826.219.300;7.314.707.381.650.170;1.442.644.576.266.570;12.989.646.744.652.400
7.616.917.172.527.100;24.870.787.843.561.000;27.539.175.880.691.200;15.991.918.984.163.200;9.242.224.250.479.100;5.515.572.683.697.570;3.117.410.291.879.950;678.186.346.362.161;54.289.964.509.672.400;2.498.747.992.876.480;10.746.407.098.926.600;32.834.887.632.488.500;2.744.190.163.913.210;8.729.110.883.382.140;3.670.847.420.452.930;5.034.112.159.665.740;7.968.332.554.144.340;8.663.020.724.480.600;24.039.102.932.365.600;6.125.086.367.902.920;20.036.066.909.328.500
27.712.835.081.246.900;268.321.406.196.979;8.027.506.375.920.580;4.919.824.847.344.430;709.168.861.462.992;31.977.403.350.832.200;28.871.654.344.447.700;7.284.572.702.186.620;2.876.842.665.992.900;2.929.248.658.182.190;6.309.949.531.830.240;4.859.780.917.339.560;15.257.791.547.819.600;11.131.677.428.738.500;11.399.734.748.369.000;23.204.352.670.051.800;17.844.249.404.273.800;7.978.425.835.440.610;9.589.743.480.808.230;3.996.835.221.400.010;16.198.172.922.561.000
384.341.761.550.868;32.367.101.986.148.400;10.204.890.744.386.300;1.772.755.775.690.900;3.379.326.320.761.100;30.153.463.977.342.000;3.791.967.267.829.400;7.746.564.414.742.950;28.206.225.249.068.800;56.990.429.544.543.300;554.971.915.756.264;3.596.719.027.156.900;7.749.266.531.978.930;1.421.774.431.584.410;1.674.173.694.691.090;12.688.762.505.765.300;9.568.996.859.774.190;1.286.633.839.393.650;5.808.849.647.641.660;583.347.324.284.408;11.334.985.903.508.000
718.677.297.924.289;8.533.274.601.977.380;4.727.301.826.234.950;3.295.432.314.494.060;0.5985273746132904;1.464.905.509.129.350;1.545.116.444.701.220;27.822.379.026.679.500;2.711.622.962.177.880;1.334.354.811.550.030;7.545.607.383.042.870;4.733.209.995.956.090;9.756.945.367.679.700;5.139.839.165.672.910;55.739.491.942.351.700;32.353.709.150.800.000;30.550.922.734.513.900;10.235.913.867.531.300;48.929.831.721.604.900;769.107.758.853.932;14.990.540.127.105.800
8.252.156.859.568.610;5.399.668.459.221.760;2.475.395.863.525.430;40.661.468.240.655.900;7.535.691.735.972.560;5.954.444.579.902.600;21.141.174.678.727.900;24.493.488.882.419.600;1.571.612.260.793.030;2.828.891.172.388.540;8.100.461.545.810.670;5.269.313.373.385.950;6.135.823.578.006.180;1.616.401.084.189.390;3.529.789.892.116.940;4.912.657.931.248.360;11.477.826.011.381.100;37.737.956.456.891.100;499.920.685.314.297;2.887.167.185.892.020;17.310.198.196.083.000
6.503.047.363.659.960;1.532.648.265.066.330;12.838.206.126.348.200;21.809.789.149.492.100;6.482.225.467.695.630;7.239.074.668.549.610;4.098.485.144.861.020;24.468.158.572.585.400;10.048.015.840.360.700;23.869.707.187.453.100;6.697.789.093.445.110;5.113.752.490.785.010;6.682.581.595.721.460;15.705.797.261.312.300;26.524.622.364.713.200;53.649.351.938.346.000;5.426.889.756.185.960;2.320.089.638.501.360;3.994.787.941.606.020;4.751.950.123.254.710;18.112.761.274.241.500
7.758.043.692.901.290;2.905.907.339.640.520;1.968.154.833.284.800;2.065.037.182.963.960;35.719.508.127.194.000;34.898.969.347.024.400;23.216.709.947.270.000;18.178.733.135.471.400;36.621.720.813.190.200;11.579.313.887.398.800;1.580.016.947.692.140;0.2267280547149137;6.019.702.418.157.390;13.172.444.960.259.200;4.587.083.782.002.050;43.012.561.261.331.300;39.446.297.698.233.600;7.877.208.165.902.090;49.071.467.962.148.600;32.383.117.764.335.100;27.819.166.489.628.600
6.950.694.936.583.290;37.821.606.405.806.000;5.109.239.006.850.670;6.011.723.838.547.630;6.114.898.788.911.680;43.427.248.928.742.400;4.090.367.313.463.230;20.196.809.065.289.200;3.546.402.029.065.920;1.982.745.490.286.160;40.597.388.743.548.600;5.986.008.036.837.650;33.130.853.426.873.700;12.665.592.524.683.300;3.496.016.035.165.700;5.399.762.238.697.810;9.065.005.093.929.450;9.369.784.341.849.580;43.994.573.552.909.300;8.775.626.490.804.750;23.967.691.505.344.000
3.458.599.535.708.540;4.632.758.192.913.090;19.676.039.975.059.200;5.367.211.253.305.120;5.761.455.932.520.980;22.592.657.800.417.100;34.988.022.616.439.100;629.299.258.604.777;6.715.445.106.562.450;37.170.036.299.030.100;10.837.801.249.875.900;4.334.853.121.988.520;2.969.225.470.275.610;5.921.283.950.341.690;29.215.528.427.059.300;5.354.350.404.845.860;13.283.772.474.363.600;11.270.266.788.751.400;47.421.322.678.552.300;82.727.154.693.518;182.369.180.895.513
5.793.592.093.491.080;5.344.543.439.525.690;2.480.517.783.200.810;34.844.477.047.994.600;50.827.745.242.594.700;23.871.144.566.312.900;7.641.361.137.040.430;7.146.165.329.603.200;3.153.658.681.262.520;8.083.227.282.324.310;11.011.191.417.448.400;4.285.050.875.205.340;20.098.216.414.753.600;12.881.386.936.743.100;2.838.076.341.831.610;5.415.303.197.730.420;14.942.574.733.830.000;5.649.950.752.146.850;4.417.771.101.449.490;7.314.074.365.297.070;9.926.854.744.156.400
7.246.108.237.079.970;44.022.693.955.594.600;8.931.874.976.095.410;3.780.585.317.713.610;9.394.286.381.319.990;6.291.465.753.384.040;20.338.464.874.215.600;13.589.999.915.405.500;35.677.006.024.194.500;3.022.289.319.934.420;5.876.585.888.490.830;62.877.658.511.060.200;8.493.216.795.726.420;7.420.425.104.272.890;2.457.274.768.498.270;5.367.715.546.629.570;4.747.256.848.989.680;2.574.795.664.054.470;27.952.025.945.021.500;14.494.760.388.962.000;14.247.730.582.211.100
24.398.175.082.271.400;5.106.964.179.918.170;3.126.915.094.895.890;44.665.294.089.268.600;6.991.438.727.321.800;5.764.992.095.750.550;23.993.343.204.144.400;7.093.410.637.604.360;13.255.465.132.824.600;10.643.745.426.938.300;5.685.524.910.455.320;4.320.576.174.699.240;2.381.265.075.531.840;648.464.122.497.501;3.964.710.192.079.450;527.996.177.246.136;8.714.328.932.654.090;8.401.004.703.262.830;12.859.128.305.195.100;5.712.782.544.408.130;1.264.183.090.553.250
9.133.345.948.535.070;1.264.278.252.366.990;4.425.609.572.006.540;63.408.543.460.838.500;4.429.227.825.857.790;8.529.417.280.016.830;15.441.723.961.975.400;33.721.641.872.390.200;1.425.957.707.194.130;23.419.370.826.563.600;9.430.001.148.789.120;4.035.633.296.880.520;45.176.760.438.216.900;1.226.673.647.674.520;2.281.432.305.548.190;110.940.776.835.862;6.333.323.659.840.050;42.932.134.311.022.400;3.822.634.918.645.090;3.982.098.638.719.780;12.851.592.372.524.200
8.266.742.694.106.370;12.698.357.686.040.300;5.563.162.722.010.870;32.981.799.690.865.400;5.360.410.124.545.420;4.498.523.468.886.280;202.571.840.094.767;532.836.156.669.724;11.058.839.673.107.800;30.358.021.128.456.700;33.390.174.764.112.200;28.404.508.322.346.800;8.216.984.379.920.390;2.013.176.292.889.400;2.992.258.126.332.890;9.205.353.046.721.420;2.743.249.204.749.220;5.822.038.923.532.730;227.586.411.684.145;20.081.828.759.966.800;1.645.112.636.887.940
15.187.198.689.668.600;28.650.405.606.900.900;5.216.288.488.554.180;4.239.178.146.437.660;5.422.027.315.523.110;5.731.768.172.934.170;22.148.809.218.272.700;0.8869589514656305;1.983.364.454.954.990;20.604.262.400.771.500;6.745.272.450.123.860;31.587.198.058.315.300;582.730.854.257.696;11.503.097.035.278.900;5.066.832.272.703.350;5.480.627.778.474.100;7.921.615.907.181.160;24.322.511.405.960.400;2.634.642.596.653.970;1.251.883.727.236.820;2.096.949.810.363.290
27.534.623.567.586.100;46.696.592.461.027.500;7.886.778.717.718.880;50.635.677.802.392.400;11.079.303.871.398.100;4.537.649.417.675.500;5.698.948.782.095.390;36.541.602.651.772.900;19.073.892.438.433.800;327.961.833.827.074;5.274.825.368.904.020;2.335.155.068.319.780;2.185.802.690.158.960;14.772.837.777.678.300;12.484.854.936.075.800;32.027.315.681.433.700;21.295.861.557.232.100;10.376.927.632.983.500;4.853.633.153.393.350;879.904.491.962.173;1.664.899.176.308.730
3.621.387.792.761.270;2.676.724.500.175.340;5.677.880.931.048.590;4.863.237.183.706.640;9.160.754.773.053.000;37.731.303.545.286.700;35.602.178.983.417.100;5.651.215.860.797.870;2.939.995.224.681.790;1.892.553.455.139.200;3.792.676.330.985.630;0.5901506408501795;5.875.280.924.270.040;5.405.227.027.695.790;5.480.461.597.335.910;4.069.048.995.331.400;29.448.840.693.164.600;1.127.712.064.217.590;5.014.746.812.503.770;3.123.277.992.813.780;16.563.774.503.435.400
5.214.267.634.627.770;4.249.220.623.075.560;6.089.495.378.611.990;2.866.380.319.864.090;276.299.459.313.042;46.534.414.524.228.100;405.992.891.836.491;6.022.041.760.080.450;3.527.427.710.913.340;28.132.069.730.203.300;7.000.300.249.030.020;5.263.679.570.179.490;35.240.844.147.767.000;6.421.536.216.554.040;9.098.863.038.237.390;4.231.778.680.265.180;3.223.298.573.835.440;26.293.717.636.127.500;13.924.520.171.250.600;2.674.639.048.248.180;20.349.121.356.578.000
4.815.546.646.165.540;3.682.095.218.779.870;3.565.582.933.358.810;2.753.418.552.809.990;30.853.995.305.845.300;5.205.193.604.729.640;36.491.864.315.414.400;3.260.817.500.178.250;32.852.211.853.860.600;3.462.628.783.402.740;31.977.683.569.702.300;5.958.739.665.704;6.242.482.905.146.900;10.708.954.224.065.600;4.424.555.262.579.150;20.023.430.845.030.500;7.759.707.458.819.340;8.621.674.487.183.190;2.867.388.972.862.030;6.522.813.411.404.300;1.592.239.066.699.010
7.679.415.526.084.800;1.478.460.391.779.940;47.196.313.205.563.000;23.617.074.835.723.800;4.604.822.999.504.370;366.123.364.415.289;2.921.438.710.419.850;32.377.246.016.722.400;7.669.505.163.191.080;18.658.959.277.632.900;21.695.841.748.416.100;2.998.824.607.934.460;8.499.452.580.396.870;5.651.155.292.353.600;11.101.789.286.863.900;5.361.288.086.510.150;4.039.255.387.369.270;8.843.857.249.478.240;19.605.196.455.137.200;44.660.624.102.007.700;1.283.069.988.236.580
18.581.393.527.034.500;2.359.194.259.450.650;14.086.857.667.715.600;33.883.984.260.566.200;4.797.855.126.451.420;13.846.623.770.946.500;14.091.949.305.217.200;45.739.017.232.640.700;12.636.817.054.515.400;16.670.007.223.253.400;22.123.465.189.861.100;0.09763843488754013;17.114.791.904.392.100;20.545.982.352.742.500;3.799.653.613.063.980;20.247.426.620.293.200;18.088.692.624.358.600;829.406.394.998.836;4.225.996.198.754.850;5.295.496.431.573.970;6.186.667.061.559.910
33.413.536.595.555.800;45.613.932.217.079.700;4.865.416.427.339.250;5.248.668.828.055.800;13.512.418.489.716.400;4.035.610.203.052.010;38.048.247.012.656.900;4.243.953.420.553.580;3.452.485.923.024.440;3.463.469.824.095.410;2.604.467.015.848.440;0.004463671098993261;10.644.871.099.563.300;1.420.229.915.429.750;4.799.695.902.635.540;19.254.079.614.786.700;16.050.663.329.964.900;1.146.265.418.434.400;8.373.732.183.947.190;40.327.823.733.885.300;18.065.604.117.853.600
8.075.239.212.656.940;46.189.362.618.740.900;50.281.745.878.679.600;376.186.048.785.329;6.049.106.539.400.660;29.245.829.674.318.700;2.370.294.257.588.450;14.848.818.498.452.400;10.208.974.379.128.600;3.507.657.827.686.120;3.954.574.513.050.010;32.850.760.072.451.500;5.264.392.206.980.750;1.176.789.677.669.220;25.936.148.233.869.100;4.774.397.364.407.400;761.381.191.271.565;6.895.727.907.387.690;21.936.948.185.656.500;4.995.587.263.111.460;2.044.526.981.654.730
5.994.548.813.433.460;51.183.613.252.777.100;13.908.628.453.337.600;22.655.489.791.658.200;9.108.076.283.789.990;39.015.231.887.173.600;7.296.061.243.619.180;37.211.704.195.470.200;3.589.942.446.412.190;42.886.866.040.292.900;6.525.372.954.827.470;4.825.106.159.581.760;10.193.078.028.276.200;1.579.961.390.070.210;6.067.634.687.803.350;3.571.131.841.202.760;4.983.765.901.221.670;1.077.218.193.512.930;4.567.800.844.308.940;3.812.327.860.081.520;92.679.061.283.385
7.290.419.099.153.510;5.528.091.639.519.610;22.624.820.325.982.800;13.138.753.423.516.300;5.173.307.937.268.540;12.674.342.639.166.400;6.014.641.133.878.600;5.652.911.707.681.340;6.060.737.382.734.590;7.564.992.861.528.370;794.156.604.019.069;20.377.928.957.234.500;39.894.120.069.509.100;16.981.655.011.382.900;19.121.837.662.861.900;6.433.027.663.522.620;18.340.264.337.361.700;7.002.145.257.806.370;31.961.321.445.662.500;10.201.192.837.917.800;10.005.864.991.978.300
7.050.647.903.927.610;4.679.029.715.198.360;6.541.209.133.933.810;55.603.429.082.464.000;450.796.171.355.583;15.878.561.251.154.300;2.676.275.548.372.910;6.711.664.015.761.490;15.105.726.619.055.000;30.198.268.632.336.600;12.782.892.431.049.200;4.233.468.654.734.230;6.915.816.613.710.260;926.071.460.348.774;4.195.665.557.531.820;282.208.058.076.379;5.829.865.653.546.880;11.320.309.861.902.900;30.613.318.139.828.500;491.595.478.209.042;4.316.949.389.905.760
5.235.181.820.076.000;588.778.706.798.169;4.491.669.559.242.000;28.009.819.834.982.000;9.558.848.903.428.920;3.753.762.164.316.050;8.616.536.465.238.780;35.454.102.146.083.300;24.153.295.628.592.200;14.544.777.543.498.600;22.990.312.151.910.600;0.6621960237322461;6.109.676.119.768.240;591.084.696.339.183;3.628.755.041.171.120;41.967.874.952.560.600;811.172.230.552.067;4.882.850.879.318.430;4.558.771.737.436.720;645.237.816.564.579;11.005.019.381.527.100
6.447.388.591.002.120;3.235.564.666.728.280;37.278.240.248.233.700;4.783.067.712.857.000;5.457.849.978.357.240;39.181.478.555.747.100;21.430.260.119.705.200;5.708.795.198.259.410;3.066.806.405.472.850;23.353.457.321.934.800;18.801.788.789.046.200;6.568.901.373.660.530;7.247.568.425.955.820;1.774.645.250.263.270;31.859.012.663.379.200;1.605.364.036.096.070;6.333.440.558.023.130;58.368.849.113.597.200;12.734.996.951.728.000;849.029.226.253.489;18.725.691.090.975.300
29.202.098.284.081.500;3.707.173.283.779.000;18.713.599.740.264.100;7.076.555.666.712.080;7.546.844.775.389.260;13.127.440.942.291.600;267.950.432.264.768;27.306.864.029.536.400;17.280.167.537.673.400;7.905.539.674.765.630;7.327.059.886.114.850;29.776.538.547.525.500;44.201.129.726.389.300;11.767.473.991.498.600;2.679.809.967.241.470;866.330.824.262.641;7.329.021.361.539.620;0.15068043696881586;2.585.738.962.503.640;5.268.476.705.235.110;8.604.354.920.620.280
8.268.385.713.264.200;12.328.707.119.006.800;6.469.777.126.719.180;4.581.049.088.799.610;2.644.177.642.108.430;32.301.265.444.365.700;3.193.535.331.893.830;2.079.089.663.033.010;3.350.980.388.528.680;328.006.102.561.708;6.489.582.711.818.310;0.9357824085503765;16.950.432.396.697.600;13.351.246.507.626.400;19.745.444.858.110.700;2.852.635.471.631.930;54.615.286.409.913.200;1.406.976.045.969.920;20.294.740.298.603.800;23.458.869.533.239.300;13.310.721.243.784.200
5.938.067.565.685.730;18.868.369.740.417.300;5.279.702.564.706.960;3.929.486.811.746.890;7.915.518.451.645.150;31.994.012.724.883.100;334.026.213.121.641;2.034.715.892.919.650;2.708.907.563.830.910;22.973.635.404.573.900;7.550.164.036.920.780;5.785.654.838.660.960;6.453.254.202.614.560;1.902.749.662.449.070;12.818.913.689.964.400;3.214.928.502.681.360;4.587.805.035.543.640;3.150.776.373.180.020;17.763.518.684.744.100;5.450.989.199.032.650;16.088.957.495.787.000
932.937.425.318.866;5.477.465.227.123.860;5.133.640.675.085.210;24.514.488.461.755.700;8.057.737.724.411.480;5.490.073.127.309.610;1.267.189.490.138.540;6.030.817.355.949.970;2.887.627.583.457.730;23.215.554.368.084.500;1.687.117.545.645.470;0.7652217767750515;36.868.563.106.869.300;6.523.209.250.396.070;1.237.008.463.949.770;497.872.330.080.842;4.039.358.749.440.160;5.902.758.895.756.030;12.415.602.050.820.200;8.963.352.838.781.620;14.712.292.690.083.000
61.867.722.860.183.800;238.215.352.682.586;26.373.892.211.688.500;15.505.609.250.832.100;16.131.945.228.945;5.879.102.552.910.990;3.905.600.148.959.470;8.043.048.086.725.710;28.242.159.405.053.600;8.663.830.398.297.670;39.897.300.958.211.100;6.706.825.866.805.550;7.094.409.189.057.170;1.408.222.016.497.370;27.101.062.573.268.400;12.649.932.147.941.400;6.067.820.112.481.370;30.973.522.692.658.400;4.970.982.836.994.670;7.524.050.198.270.890;18.004.613.402.626.400
16.846.163.210.606.300;655.020.438.627.457;9.655.948.481.507.700;6.043.818.883.311.640;22.258.172.816.950.200;15.087.650.402.410.200;3.453.978.444.302.130;2.688.019.886.678.490;1.078.051.568.650.380;3.158.925.658.765.860;34.741.187.141.287.900;5.686.725.055.222.420;7.279.839.031.873.170;10.072.036.042.447.800;3.617.948.530.901.730;13.423.577.076.296.500;18.251.208.209.484.400;11.557.003.753.354.000;4.454.539.711.779.930;7.264.514.801.577.040;19.104.990.181.343.800
5.491.953.091.172.710;40.167.725.568.370.000;12.581.138.565.097.400;6.225.061.151.568.010;1.453.636.689.995.710;9.145.422.739.838.220;9.602.205.537.887.770;3.112.036.383.040.890;24.043.645.606.443.100;36.657.828.900.279.500;6.440.056.037.595.120;0.5094441913847101;62.514.175.280.664;6.215.059.346.915.420;11.585.412.942.961.400;3.533.639.290.516.200;1.726.591.627.076.770;10.086.558.895.071.000;16.656.952.866.865.600;8.734.914.202.443.940;1.056.081.418.678.280
7.454.862.508.630.280;7.670.808.670.984.120;4.181.829.627.520.370;5.351.326.725.246.020;4.891.771.159.891.420;34.478.607.314.850.900;9.060.780.747.832.000;17.900.324.531.486.200;2.583.459.821.935.840;34.062.436.991.695.800;89.927.163.958.327;4.939.973.097.996.640;715.739.542.249.556;4.133.597.565.409.840;2.417.789.214.815.640;19.877.825.986.617.800;15.651.505.287.874.400;6.828.649.899.562.670;16.975.597.969.927.600;27.316.763.844.168.200;13.509.485.157.515.900
3.033.860.940.576.160;4.245.772.866.292.720;4.883.908.465.513.680;9.476.042.660.702.370;6.709.376.587.490.500;3.417.494.405.018.630;27.744.131.113.901.100;8.822.686.575.455.680;2.037.779.977.579.460;36.717.795.765.397.800;23.584.091.940.866.200;17.415.786.799.054.600;7.309.619.093.489.200;20.237.377.061.981.900;0.9601023570446255;18.728.187.115.933.900;18.363.449.255.120.200;27.104.831.965.848.300;1.958.997.242.185.180;5.491.400.286.027.770;11.201.160.176.195.400
7.100.818.178.353.320;10.024.591.010.216.300;503.780.924.195.794;4.093.084.952.326.790;4.114.383.216.116.450;23.652.435.361.169.200;6.412.701.571.068.700;7.552.829.065.674.190;1.848.634.603.319.870;6.838.026.796.258.930;3.470.313.195.647.920;26.487.501.744.731.600;9.049.126.212.333.110;19.529.788.150.937.200;24.842.132.411.043.300;18.174.764.718.718.300;2.064.483.926.173.990;11.860.755.692.560.200;39.617.435.781.359.200;20.819.623.639.849.100;1.656.121.195.875.930
9.076.115.932.199.550;5.663.055.760.910.420;5.737.444.319.527.060;5.183.306.554.084.310;56.611.365.980.906.900;5.903.572.577.336.030;19.611.742.990.257.600;4.617.480.665.702.090;2.168.032.167.805.000;3.160.428.264.807.600;6.645.535.565.223.680;2.222.579.809.074.610;2.328.688.521.334.120;12.702.649.823.980.700;15.693.759.241.312.400;8.052.070.675.515.270;13.587.251.580.133.900;1.273.706.318.598.770;31.396.878.327.147.500;4.958.427.197.355.200;2.121.319.450.079.720
8.391.141.144.204.230;3.684.995.368.192.730;3.182.573.308.941.620;22.720.830.584.239.700;8.840.055.166.157.570;6.292.267.854.125.290;421.321.518.064.354;465.374.565.080.481;4.481.536.268.910.230;26.900.533.182.928.600;4.522.632.000.355.620;4.177.571.511.997.630;7.101.389.934.040.350;9.002.632.237.639.340;49.975.364.945.095.600;4.725.275.789.365.730;0.0937886081329804;9.065.406.986.000.090;22.709.664.888.069.700;2.766.462.139.795.840;8.906.313.482.628.830
1.908.426.890.921.030;3.702.575.559.978.960;18.373.991.865.357.000;25.475.390.858.947.100;33.470.908.466.195.100;12.601.891.040.909.000;19.882.045.197.289.900;13.198.726.719.949.500;5.317.511.021.364.290;32.658.234.850.372.900;17.124.650.409.654.600;2.313.272.440.125.520;3.076.218.987.998.340;0.19430638032854336;0.8344453947608207;814.010.877.030.909;7.367.705.400.282.980;11.289.263.721.037.500;2.286.282.795.336.510;6.742.218.079.046.320;4.295.773.468.257.800
6.665.711.116.915.650;57.537.876.196.004;5.365.271.624.533.160;4.718.943.018.428.010;6.449.975.726.480.880;3.233.793.923.589.410;344.783.394.552.156;1.499.351.968.234.060;24.577.742.917.414.900;6.316.052.873.667.680;7.096.027.788.606.610;60.789.286.464.347.900;6.645.055.406.489.950;28.851.492.035.783.100;12.810.552.708.950.900;650.931.393.358.193;100.656.138.501.976;3.929.027.784.254.750;2.008.923.528.313.070;8.419.046.544.984.520;13.283.412.127.127.100
6.699.874.202.999.830;37.012.077.743.033.800;45.425.351.689.960.400;3.914.929.074.149.380;4.036.194.546.944.910;41.363.130.293.150.300;9.500.409.657.873.280;46.003.856.287.724.600;8.863.448.825.380.070;3.808.203.430.763.100;4.211.831.290.451.520;0.8415707618707197;32.592.674.499.201.000;8.540.547.422.156.850;42.012.246.773.625.900;2.198.147.342.550.250;21.976.774.273.102.900;3.989.928.555.975.670;37.892.298.605.998.400;4.348.389.413.910.600;1.834.771.287.424.370
6.832.074.320.721.420;39.626.224.235.218.300;7.685.902.297.564.740;3.774.740.126.489.060;43.418.589.154.145.600;42.995.213.718.010.700;2.373.992.469.189.590;10.387.150.999.224.500;3.319.215.099.245.040;36.391.943.619.976.400;8.907.266.638.719.740;4.562.091.553.549.790;46.414.126.781.418.100;11.248.263.465.989.100;6.902.931.540.553.700;2.966.124.363.511.730;3.060.422.642.248.060;24.436.788.920.646.300;4.747.293.424.418.530;16.830.335.263.526.300;19.472.637.027.051.200
31.195.446.054.609.800;2.726.540.514.008.190;35.357.094.172.968.900;5.161.225.772.053.170;48.483.294.154.277.500;1.349.556.589.938.880;16.323.266.002.643.900;2.701.325.596.375.980;17.302.469.319.174.000;8.552.319.038.534.160;22.437.712.975.427.200;0.3451917415707699;4.433.762.849.443.880;9.564.446.359.500.930;51.804.755.494.163.100;47.332.053.236.368.800;15.240.541.436.372.200;12.999.285.883.322.100;12.021.962.503.491.300;1.742.379.433.809.360;12.023.409.732.574.700
4.218.440.920.321.250;17.166.515.508.377.700;4.653.820.454.614.640;7.859.776.584.766.920;18.259.552.055.309.700;4.410.215.310.567.070;6.894.522.864.184.770;8.482.363.214.786.480;29.770.610.341.280.300;35.786.684.606.766.400;6.820.778.374.242.530;2.261.066.880.144.480;7.886.020.612.879.260;60.483.551.608.116.100;31.193.891.944.779.600;30.370.966.111.096.700;26.587.293.826.647.300;866.932.997.418.922;329.685.082.108.623;47.455.066.376.330.900;880.632.317.516.467
8.605.306.001.528.910;28.880.331.996.754.500;5.249.270.080.907.470;23.118.685.431.759.900;22.687.994.824.665.500;48.959.562.679.180.400;1.405.072.888.553.600;2.900.770.280.171.050;48.522.542.840.260.900;15.945.382.798.750.200;18.445.610.923.482.100;0.7886588800583584;38.090.666.153.057.600;13.243.921.345.154.100;21.286.809.135.253.900;3.334.795.640.394.440;1.489.051.696.978.180;11.637.671.564.916.600;16.136.250.082.942.400;2.247.827.055.129.740;9.164.726.595.074.140
22.771.198.705.463.200;25.818.138.800.998.500;1.976.117.205.869.000;4.935.227.417.497.950;2.812.866.564.001.620;6.255.712.539.423.990;23.442.018.351.005.600;7.614.770.806.806.000;8.379.792.362.491.430;5.225.665.643.165.870;6.215.817.143.170.210;0.6910635307647015;50.795.820.534.761.000;10.539.352.386.642.000;6.298.435.627.363.430;2.832.040.822.215.730;14.445.219.053.074.100;23.293.566.399.754.500;15.393.938.347.620.400;33.490.746.830.046.200;613.890.836.810.047
6.731.456.836.324.710;9.275.241.066.423.020;3.726.138.760.486.260;3.830.147.418.890.940;2.594.458.244.643;19.336.884.830.627.800;16.949.920.856.519.500;5.146.511.473.901.800;36.140.956.642.937.500;19.056.605.690.334.000;23.999.603.825.630.600;3.438.538.813.963.900;2.171.660.467.066.740;2.107.383.115.307.840;4.572.025.031.637.430;2.899.610.230.722.410;5.764.964.583.072.030;6.987.576.612.949.960;3.248.950.939.696.600;5.280.244.820.318.680;904.387.126.156.761
6.151.273.447.371.770;5.240.982.858.729.070;18.069.271.824.786.200;3.232.429.344.348.080;6.602.133.714.112.100;1.858.038.713.327.750;4.216.390.450.209.460;2.601.703.366.488.070;9.132.091.769.456.360;2.896.089.830.199.470;4.250.589.964.937.400;0.6011327911180442;3.125.865.741.231.100;21.410.786.097.036.800;36.590.886.369.415.000;843.419.183.777.159;15.476.204.457.103.900;12.291.241.048.853.400;3.048.438.520.745.670;7.851.774.275.699.760;67.340.742.394.006.500
41.855.437.805.640.600;2.052.586.747.569.510;4.230.163.142.451.000;40.553.723.543.741.000;6.346.009.923.935.410;5.423.798.069.515.990;14.753.627.073.735.800;6.240.703.225.518.130;30.310.668.801.378.200;265.284.131.288.497;9.453.586.943.397.800;29.154.361.002.412.500;6.175.666.108.033.520;15.344.421.218.837.500;5.056.346.433.308.750;9.811.360.119.968.470;6.995.069.966.180.200;37.565.678.978.686.200;2.746.296.857.911.230;7.519.644.340.708.600;1.820.576.655.716.300
14.554.199.317.756.500;21.301.681.474.008.400;9.165.273.296.340.540;43.549.031.147.798.600;22.616.498.798.544.300;2.037.434.943.078.350;6.390.646.243.937.400;4.214.525.486.159.260;9.871.809.990.757.860;24.912.778.913.769.000;341.825.582.129.278;0.08411821327601184;5.460.018.133.535.380;1.212.994.922.559.240;5.207.903.592.949.680;51.126.246.823.724.500;8.041.498.372.302.140;1.131.604.486.224.860;3.673.891.874.808.750;10.955.288.393.168.600;10.526.283.839.146.500
4.447.244.014.340.610;5.212.900.511.021.150;5.607.907.388.727.000;46.445.096.757.642.400;9.276.908.027.669.440;2.798.694.625.226.160;3.179.038.532.673.030;6.771.495.242.701.520;84.234.006.207.262;18.211.746.678.157.100;42.372.471.217.616.200;165.185.823.223.572;7.850.831.846.934.790;26.413.938.385.709.500;22.306.485.475.639.100;5.291.035.363.029.420;10.886.359.028.891.700;3.809.841.085.482.360;4.773.761.487.988.310;14.129.625.652.802.500;15.331.968.569.731.900
34.192.431.638.969.900;5.187.670.750.172.370;20.043.268.340.608.900;42.560.277.520.113.900;302.268.818.006.532;48.588.477.531.342.900;9.807.975.882.497.060;5.841.659.517.734.690;6.810.718.757.649.450;2.137.679.428.689.500;3.731.385.750.821.950;5.630.668.799.075.320;46.035.042.191.595.700;8.248.150.053.331.740;19.015.973.865.873.800;3.236.672.545.425.850;1.606.846.375.001.730;8.917.728.649.672.740;11.547.915.777.206.400;1.629.323.666.960.970;1.673.876.613.718.030
44.478.011.911.951.200;17.107.597.444.598.600;538.352.196.711.125;5.247.003.582.268.130;5.655.315.980.583.730;44.383.786.573.189.100;1.177.114.285.359.920;9.012.540.814.840.170;3.126.413.751.389.990;36.373.969.641.061.700;1.912.575.891.174.350;4.612.270.260.240.110;6.047.738.750.421.810;16.076.741.849.176.600;0.49354957849186987;8.398.798.441.410.130;17.527.022.690.036.600;1.185.369.312.911.880;3.631.363.907.072.030;23.980.059.547.580.200;22.579.321.801.273.100
18.211.047.378.818.100;2.925.070.574.356.070;5.174.472.494.296.570;14.554.231.005.771.300;8.286.515.613.989.120;3.141.822.649.050.480;4.580.183.797.501.790;4.104.492.262.327.320;5.379.557.887.627.940;9.723.796.435.187.930;5.614.006.059.428.320;5.950.955.583.747.440;5.618.974.378.837.110;20.542.491.012.392.400;5.159.026.601.284.150;11.476.905.176.914.000;11.661.900.547.219.700;9.540.237.963.141.660;10.469.265.929.535.100;8.509.971.116.975.180;169.495.948.181.929
22.487.730.336.455.400;12.337.297.007.516.400;2.663.185.928.903.550;41.226.720.472.631.600;39.303.938.714.528.800;6.179.943.636.984.330;23.986.067.561.966.100;36.194.125.820.337.600;6.564.130.077.422.970;29.706.945.046.693.200;5.828.852.119.289.040;2.847.302.078.287.440;9.633.246.664.554.740;11.746.387.393.092.600;9.267.269.247.200.750;35.724.633.370.934.100;2.630.085.546.934.030;12.578.385.359.745.600;189.749.107.662.288;22.190.530.980.513.600;1.641.477.252.368.090
1.003.755.679.554.570;36.376.211.632.102.500;5.052.009.955.146.460;4.444.462.476.629.340;1.042.973.124.886.900;6.871.009.341.469.220;2.703.294.058.118.840;1.383.577.515.460.690;8.192.965.205.769.760;44.080.576.815.409.400;50.321.316.759.018.400;12.105.247.362.234.500;5.579.096.457.726.800;10.334.601.453.272.100;22.558.216.007.250.400;30.736.021.519.051.100;17.157.124.151.444.800;6.910.138.083.505.490;4.802.239.944.061.350;4.233.011.071.471.450;15.601.672.424.676.600
22.150.360.366.711.100;8.666.989.116.241.880;21.619.438.430.140.600;536.704.361.334.095;6.521.822.462.692.100;24.161.037.162.484.700;14.691.088.719.942.500;7.267.532.330.581.370;18.376.881.281.593.500;28.486.647.427.916.800;24.783.684.544.041.400;34.948.604.675.792.200;4.613.859.783.761.620;12.607.516.067.732.600;18.987.184.513.139.600;6.767.791.802.542.230;1.637.051.236.076.800;5.675.121.707.158.790;5.179.106.256.475.170;2.918.165.885.953.460;23.622.609.987.527.900
29.492.121.494.174.000;4.934.493.619.065.270;5.170.510.009.226.500;1.824.748.609.281.410;27.503.757.624.479.100;2.392.037.120.124.580;25.530.422.323.529.900;907.896.028.833.453;20.630.083.035.792.100;27.687.606.785.615.500;6.749.945.819.038.920;28.917.283.735.015.200;6.813.009.920.833.100;2.180.198.401.002.610;31.057.585.034.199.700;3.786.504.907.313.660;7.306.048.169.600.960;11.373.504.910.195.600;4.598.109.731.660.010;28.942.198.282.597.800;14.012.790.829.004.800
3.186.029.185.398.280;15.278.135.855.906.500;4.908.645.416.980.140;17.606.696.584.290.700;12.588.282.875.779.200;36.731.517.189.016.800;12.151.615.236.374.200;5.782.385.773.878.340;9.814.290.278.779.390;2.743.735.832.744.800;3.386.401.904.404.000;0.22988525973367616;8.258.972.475.900.720;12.358.623.682.533.400;5.090.712.310.165.940;43.098.628.464.830.600;16.393.402.677.400.000;1.077.893.706.051.540;7.480.084.735.952.280;16.804.587.800.641.700;2.106.687.973.894.110
4.792.632.833.729.610;5.764.896.978.335.980;2.048.885.736.078.130;15.505.836.947.005.500;8.431.439.433.809.880;12.510.010.733.897.500;13.521.099.880.310.200;306.467.887.828.332;417.087.966.537.152;35.620.598.317.422.900;42.698.030.705.675.200;12.184.067.757.378.900;5.490.192.167.344.160;19.675.317.873.439.700;3.872.943.330.110.390;3.174.341.257.956.060;15.020.396.643.094.200;9.529.564.385.837.580;11.230.354.750.481.800;18.816.796.294.769.200;8.216.133.286.102.240
626.303.076.680.232;23.116.333.992.695.300;3.734.178.693.244.560;2.722.406.636.522.620;5.709.348.366.967.400;1.627.760.364.825.760;3.712.175.135.109.900;7.966.628.104.703.180;2.864.287.359.709.300;53.033.612.875.039.100;7.622.972.349.888.010;4.166.387.422.234.240;3.824.591.108.236.520;7.540.328.176.528.840;19.136.297.066.751.200;318.540.857.877.665;2.855.018.520.757.980;9.242.047.837.361.300;3.212.940.670.738.640;8.799.337.161.980.980;16.174.422.463.927.200
3.659.639.390.073.420;14.751.583.884.619.000;22.132.610.543.930.200;48.381.928.257.689.300;4.047.898.263.382.760;17.145.091.977.642.100;7.996.209.939.158.940;6.115.369.499.495.110;1.742.325.150.659.780;505.220.178.668.197;654.899.837.350.832;67.458.194.248.733.400;5.386.886.661.928.890;11.614.035.746.441.700;2.048.539.047.671.380;46.044.492.428.489.300;12.484.718.372.240.700;23.565.483.753.198.700;3.663.384.362.137.180;20.830.343.799.314.300;12.274.692.439.766.500
8.059.485.803.081.490;62.122.789.482.588.100;35.740.598.627.072.700;43.869.463.873.241.800;9.243.007.374.925.070;6.364.215.741.128.810;1.887.597.137.943.060;1.241.330.442.524.340;26.106.084.033.370.600;3.520.510.682.524.340;6.417.150.150.156.380;15.812.793.752.278.000;28.219.923.361.056.500;21.000.139.935.872.700;53.448.799.333.560.800;18.555.170.791.085.500;32.089.480.913.575.400;2.485.618.855.780.730;24.759.558.998.005.200;5.775.822.699.483.050;8.886.494.170.071.010
5.509.480.894.695.150;3.950.767.746.345.400;2.919.207.382.430.250;22.533.676.884.346.300;4.951.229.871.108.380;5.285.948.907.723.590;35.844.478.947.569;50.975.349.153.058.000;26.155.965.373.737.800;2.387.324.012.280.870;5.551.131.207.988.080;0.9588212616374493;9.257.812.884.372.820;30.181.427.190.666.300;4.628.328.653.729.340;30.027.138.915.063.700;12.063.834.368.301.400;12.710.892.079.387.600;11.126.704.218.225.100;7.913.547.329.975.940;9.089.245.215.682.240
51.097.897.872.667.800;5.400.473.704.123.240;902.275.573.983.824;5.326.043.633.747.410;9.385.368.820.713.270;13.868.205.519.794.500;18.142.895.396.020.800;11.260.685.004.720.900;34.796.170.096.280.700;1.917.838.886.741.450;45.277.923.588.412.300;28.299.295.414.388.900;8.491.534.563.949.950;31.215.531.559.052.700;21.794.113.714.166.500;5.201.593.424.948.990;15.271.348.769.366.600;8.817.549.527.294.750;46.763.499.163.580.600;430.177.977.821.174;11.932.254.071.182.800
487.376.582.056.628;369.608.883.528.642;2.519.281.384.503.730;22.197.453.568.146.300;9.127.483.995.806.390;3.892.203.733.010.060;14.614.785.804.735.900;10.180.057.446.089.500;3.641.048.556.006.970;3.826.224.946.039.300;6.380.105.767.170.400;1.760.444.822.458.910;5.207.144.280.148.360;5.420.442.462.676.690;28.191.108.859.466.800;20.590.185.246.912.800;2.232.419.581.886.950;5.971.475.528.805.180;32.458.579.842.377.200;5.049.721.194.192.290;1.358.410.430.858.520
741.617.799.412.758;49.612.375.513.370.100;28.790.131.857.712.200;18.370.580.740.421.900;24.919.861.559.787.300;26.415.072.888.310.000;18.669.756.371.057.100;149.520.623.762.294;12.057.950.283.749.300;2.558.601.701.001.210;40.319.119.616.963.600;0.802619838530526;4.396.410.168.401.790;43.641.211.682.533.000;5.427.102.013.548.040;6.622.137.734.250.890;1.468.120.372.055.940;5.968.050.160.814.710;9.973.211.486.112.370;5.276.261.650.772.490;14.928.272.667.497.400
25.660.196.669.656.500;3.749.011.118.763.860;6.118.780.668.876.970;52.532.214.362.821.200;671.348.761.635.152;514.244.710.133.168;25.008.333.856.535.800;48.438.005.319.998.200;7.981.173.137.748.950;3.339.877.102.055.960;23.401.229.367.560.900;3.873.064.172.776.720;10.367.288.714.962.000;303.796.723.309.864;35.666.408.706.821.600;152.914.430.624.168;13.804.704.129.573.800;9.328.605.397.244.560;24.951.789.263.283.500;9.493.749.407.036.860;1.660.512.845.032.950
39.857.689.106.130.200;50.485.057.658.669.300;4.591.984.790.146.570;3.678.278.504.742.760;7.265.954.933.313.350;50.466.823.247.403.200;2.238.396.704.790.610;4.196.972.742.336.950;222.805.701.731.124;12.287.544.093.307.600;23.670.182.373.869.200;3.503.780.105.086.560;2.909.388.565.316.250;26.143.522.106.163.000;2.661.572.754.062.980;4.968.527.450.002.990;18.627.750.705.400.300;11.562.170.233.288.400;3.641.722.203.114.390;44.987.294.721.145.300;1.379.101.312.813.390
5.400.725.924.457.300;2.288.447.170.255.870;7.666.759.891.563.710;1.718.975.727.489.700;2.236.364.497.158.220;12.660.932.092.188.000;2.789.275.410.263.200;34.630.668.366.078.100;454.718.593.153.554;28.609.089.134.188.400;6.063.308.674.917.480;4.493.740.396.940.230;9.072.894.216.755.090;1.304.348.524.679.970;21.313.581.951.418.100;24.455.991.798.836.300;41.449.039.441.129.000;26.736.082.811.539.000;2.472.695.940.674.450;5.308.017.543.607.710;14.894.549.679.198.900
6.770.211.878.585.570;881.863.725.402.987;9.663.718.428.022.820;49.932.637.728.714.700;7.308.995.406.692.350;6.809.639.388.559.330;3.448.955.068.239.810;21.141.056.173.797.100;9.135.194.029.218.650;11.671.670.656.850.800;5.764.681.785.109.900;19.809.460.217.601.300;4.511.870.312.054.720;8.568.192.896.782.760;12.850.262.147.744.500;4.564.388.548.681.690;1.093.005.115.471.420;12.202.638.153.207.200;16.022.931.891.604.700;8.019.394.318.199.360;6.874.432.255.981.820
2.785.271.567.812.990;45.651.419.477.682.900;4.320.364.131.735.840;24.354.370.842.263.400;9.424.750.685.447.020;7.729.199.517.325.560;6.683.749.193.697.620;46.106.704.005.125.200;13.243.232.071.573.100;5.764.218.123.755.850;5.277.398.875.608.430;14.836.736.283.822.500;15.801.266.859.689.800;1.869.759.045.764.990;5.048.184.176.967.390;1.434.145.633.364.430;12.803.787.953.075.200;12.350.501.981.279.800;35.564.823.692.086.700;8.236.819.845.198.070;12.193.190.774.780.900
687.527.113.546.588;5.159.393.412.802.230;42.716.911.129.793.200;19.949.684.506.232.900;49.696.340.728.123.700;4.182.542.061.963.250;8.765.964.209.704.120;5.228.626.224.388.460;22.347.304.143.437.000;4.685.781.401.893.140;4.556.666.721.735.070;52.224.133.961.990.200;388.160.645.998.445;19.937.867.515.752.000;37.756.382.161.956.500;22.396.465.846.729.400;47.696.562.792.135.400;11.129.372.083.329.900;25.216.449.106.128.600;23.034.983.729.796.800;12.765.571.367.309.900
8.180.905.730.553.270;5.134.245.481.335.140;4.642.872.749.131.250;3.336.196.075.135.940;3.932.956.607.897.200;12.176.717.201.784.800;2.432.718.007.954.740;7.527.846.828.067.910;9.562.083.358.038.290;25.500.234.681.680.200;38.027.086.240.848.100;14.739.286.827.793.300;2.659.025.986.988.750;54.969.193.092.049.000;3.653.965.808.571.060;42.039.906.735.306.100;10.532.852.838.714.800;6.580.673.684.915.430;45.223.643.392.746.200;11.920.589.614.435.200;1.597.689.241.185.650
6.550.742.393.351.400;5.362.153.327.735.980;2.574.607.367.532.550;4.655.071.361.748.460;8.923.453.815.603.160;4.228.199.040.390.490;15.082.220.285.783.200;7.843.841.527.867.660;5.878.531.401.884.180;25.074.636.931.636.100;20.360.122.254.554.300;67.801.856.079.523.200;28.752.229.064.369.900;48.525.224.086.306.200;3.883.419.485.142.610;855.473.570.666.609;14.437.569.107.752.700;10.489.526.189.445.900;13.286.663.176.460.700;6.496.873.190.486.710;18.751.693.141.765.300
35.336.555.120.215.300;1.369.084.460.416.020;5.229.788.585.949.080;5.127.009.320.312.610;8.354.250.941.640.000;4.733.454.441.974.660;3.839.472.856.931.090;779.131.043.511.826;9.554.807.130.561.010;0.47723350213812127;43.405.803.337.844.700;19.395.290.832.301.800;437.874.143.127.892;10.731.090.933.844.900;1.429.039.935.060.420;3.812.608.879.149.850;6.786.047.813.835.130;137.354.235.272.985;5.233.996.475.836.800;6.245.291.743.373.820;13.722.775.280.035.500
3.072.121.243.401.540;5.881.099.346.581.520;5.468.436.470.244.540;24.078.221.263.896.900;32.659.034.522.559.700;62.516.255.987.852;2.699.958.583.629.830;4.022.663.803.802.780;24.153.121.118.985.200;20.362.339.998.640.400;8.445.593.584.241.970;39.039.933.106.395.800;838.499.896.490.763;8.433.388.332.494.750;10.183.451.573.573.600;4.724.058.068.638.020;2.219.248.677.353.560;13.606.590.240.387.500;4.823.280.180.006.380;5.502.250.647.613.660;8.000.546.403.432.650
45.644.551.401.140.400;3.079.448.112.934.910;25.448.091.888.335.900;31.029.187.221.257.800;5.318.827.606.153.530;615.593.921.587.992;23.426.572.116.539.300;5.683.079.036.904.630;3.956.617.108.764.660;0.26425259584069144;4.958.108.036.918.240;31.443.711.316.896.300;5.493.453.276.031.980;15.213.521.475.795.200;31.013.701.264.763.400;5.148.945.941.367.970;17.385.073.666.528.800;1.564.817.683.947.610;16.195.732.487.825.900;5.281.703.581.893.110;752.364.864.215.893
5.246.242.813.935.750;47.151.718.123.639.900;5.737.745.475.839.310;37.868.603.083.074.300;4.209.253.439.708.010;5.588.096.025.425.040;3.383.756.137.181.080;7.044.960.736.230.290;22.238.534.766.360.800;38.331.235.346.454.100;6.678.352.417.638.000;4.607.713.632.683.930;6.675.210.733.043.210;8.847.562.338.768.930;345.931.995.993.154;37.880.692.325.902.600;8.310.242.709.052.720;1.314.606.521.174.470;73.733.429.325.301.000;8.069.149.701.590.660;2.365.174.909.945.630
756.943.693.946.521;2.969.371.354.305.830;39.276.554.337.231.200;2.560.047.072.561.140;4.857.293.058.692.600;12.772.381.369.648.900;2.761.888.411.390.100;7.003.272.838.318.080;3.386.123.372.802.720;13.119.843.747.222.700;13.448.764.359.348.100;30.370.440.113.051.000;8.126.629.355.830.120;14.434.303.332.344.600;3.810.511.262.987.950;5.465.112.670.499.510;8.544.185.433.364.040;10.938.007.776.965.700;4.002.951.952.163.200;5.361.044.957.899.210;15.577.184.297.894.000
4.899.030.041.372.840;3.165.353.938.834.060;2.249.940.067.325.570;398.394.938.186.395;9.444.543.290.665.350;517.126.220.266.368;4.817.058.984.410.870;309.382.064.957.334;9.525.632.445.679.760;1.576.924.160.901.190;4.566.071.442.231.170;11.688.248.359.465.200;927.030.097.312.044;19.419.309.301.914.100;4.873.147.117.261.030;19.963.525.981.078.500;1.546.123.331.123.340;8.722.428.010.698.710;5.251.925.689.899.980;6.638.910.630.290.550;19.037.199.073.039.300
8.276.412.727.092.690;24.175.293.053.541.300;30.579.737.790.354.900;4.978.098.980.632.350;5.926.762.810.824.120;1.361.554.612.780.550;31.513.003.283.625.700;6.474.163.757.732.880;15.608.739.481.320.000;16.919.105.488.629.500;7.443.318.252.405.950;11.549.223.627.951.100;668.360.432.064.914;1.981.783.542.982.550;49.447.903.382.662.500;1.287.736.256.899.310;14.491.792.095.356.300;7.023.688.330.954.530;3.284.272.441.849.520;5.453.306.113.721.140;15.235.889.425.364.900
6.559.218.526.769.530;22.675.218.212.024.800;430.971.701.528.138;22.162.612.201.306.800;33.977.560.896.023.200;5.543.966.515.187.700;2.986.614.689.109.350;10.667.284.362.694.200;17.396.293.048.776.400;1.303.123.121.505.070;6.238.831.461.874.270;4.593.580.451.706.720;5.864.842.255.515.060;931.043.136.081.536;1.866.790.387.764.930;3.877.862.756.351.670;7.491.866.910.485.050;636.643.435.849.393;1.443.801.578.469.250;6.931.831.835.174.160;12.551.104.235.530.200
7.849.207.682.085.260;18.170.829.741.388.800;33.220.820.452.625.700;50.592.576.868.569.300;12.364.083.116.081.900;15.513.767.534.780.300;36.062.796.500.886.900;2.323.946.758.603.620;36.505.892.881.133.100;3.521.986.295.608.270;3.598.335.649.018.550;26.945.713.017.070.100;2.940.713.969.691.000;17.746.426.909.031.700;29.063.847.945.638.800;353.878.799.515.042;16.846.298.123.229.500;12.452.158.935.235.500;18.236.196.495.966.100;6.266.329.572.183.060;10.301.106.975.265.000
5.968.919.749.666.380;5.168.865.952.808.620;3.448.349.102.055.600;5.178.709.712.667.360;10.196.827.555.569.400;4.495.867.680.730.290;22.416.756.465.964.400;1.081.346.640.801.100;3.635.555.829.244.380;28.683.415.233.491.900;6.907.906.441.279.230;4.712.658.409.978.620;6.785.398.398.881.360;1.526.456.404.877.520;4.340.423.159.368.200;27.961.931.844.523.200;191.232.513.006.785;20.599.707.826.160.500;3.618.871.858.588.790;21.796.320.797.364.600;20.180.111.505.551.400
50.305.027.469.558.700;10.624.774.323.071.000;13.058.683.507.549.200;174.587.695.804.859;6.056.264.933.941.160;4.858.663.996.748.790;2.859.750.911.098.770;26.320.100.078.590.600;11.955.313.483.924.000;2.397.467.229.946.030;6.133.183.844.890.090;279.218.255.295.373;3.321.897.377.081.320;2.017.822.702.360.880;0.3049140750899922;2.905.774.321.801.770;16.251.159.527.870.700;15.949.543.706.497.900;52.639.753.709.795.400;522.022.195.821.021;1.708.446.926.142.770
7.475.346.113.268.520;19.039.385.833.758.600;1.015.484.490.481.980;39.103.566.284.404.900;7.954.480.575.064.760;3.311.672.544.675.830;396.877.120.218.504;3.111.199.829.388.390;16.271.809.287.119.800;24.242.515.741.686.100;5.534.626.205.336.430;487.591.048.906.338;9.314.479.014.755.320;3.692.308.437.396.850;22.289.090.761.699.500;1.801.868.504.795.730;4.139.917.318.498.270;7.078.705.201.636.290;2.442.811.901.946.490;689.346.436.658.073;8.975.364.297.377.770
850.066.684.651.353;2.832.551.836.249.340;18.058.244.543.521.000;11.888.778.095.724.700;7.788.154.175.542.180;6.089.326.820.235.310;12.436.512.583.912.200;3.698.226.672.321.570;3.028.288.992.150.610;29.251.840.662.289.500;24.679.591.123.867.800;0.048982113690547384;8.237.586.185.156.720;5.883.258.451.600.530;4.448.039.166.011.210;5.440.224.386.992.400;21.283.465.091.791.400;7.808.205.796.744.900;13.994.924.257.965.700;2.799.086.117.875.970;7.525.192.040.427.530
7.009.094.541.603.450;6.798.821.665.879.040;36.190.055.723.629.100;12.414.028.659.345.500;3.402.120.479.483.580;3.603.849.415.292.450;13.311.820.559.825.700;37.247.189.823.081.300;13.006.004.345.770.700;21.797.766.280.655.400;6.858.909.225.705.580;5.290.966.212.840.680;5.656.016.684.661.140;15.117.303.426.090.400;43.317.736.815.511.600;667.198.904.295.383;9.344.193.173.665.610;1.120.628.048.212.260;48.603.953.583.819.400;6.432.450.913.204.870;21.985.459.747.749.500
5.956.445.992.089.570;1.997.842.126.736.980;32.735.732.571.175.900;10.766.727.907.413.700;7.376.155.480.476.770;4.569.815.314.709.830;1.402.740.159.894.240;3.645.853.830.484.380;10.373.769.530.285.000;24.429.190.691.063.900;4.217.991.254.439.200;45.490.938.862.648.900;19.719.463.186.545.700;1.984.504.165.975.240;5.205.152.867.419.600;54.449.736.722.947;11.069.492.317.466.200;18.816.926.292.449.200;28.431.499.408.975.500;5.581.961.938.785.520;1.784.454.016.487.700
47.527.068.804.323.200;5.148.386.975.305.580;5.186.043.720.588.030;3.870.155.599.684.770;5.271.623.356.412.270;5.615.102.973.969.450;2.874.841.794.475.800;35.658.172.768.413.500;9.497.023.146.857.060;4.573.373.898.003.500;1.740.424.878.305.780;14.907.437.922.827.000;2.931.968.739.389.630;12.603.575.396.326.400;21.316.288.177.798.700;15.221.669.082.215.700;4.861.634.499.906.380;6.384.678.151.291.640;46.552.030.712.918.900;6.784.182.282.515.310;15.522.683.077.038.500
7.823.625.287.628.500;4.529.213.633.165.180;49.062.144.169.562.100;4.015.499.082.670.300;12.393.391.312.234.500;19.859.530.640.990.800;2.306.258.318.631.570;4.852.525.950.457.260;3.832.128.377.349.760;2.085.651.684.975.540;4.693.004.869.466.930;13.726.569.549.333.900;9.300.521.899.985.440;3.296.884.360.050.090;10.896.626.402.318.000;4.931.391.493.485.020;1.768.550.315.554.980;1.564.404.139.034.120;2.842.329.666.956.750;8.076.481.966.964.460;12.508.578.692.089.700
1.974.394.022.503.830;27.531.802.631.554.100;4.532.464.818.585.420;39.013.606.234.239.400;5.595.968.547.266.010;12.338.325.817.066.000;3.699.743.774.970.600;9.371.603.143.129.630;22.204.383.965.591.900;16.567.993.861.380.700;5.154.983.424.655.700;0.8039703906836191;5.745.613.248.162.100;10.009.414.917.896.000;1.761.317.715.213.960;27.448.063.265.716.900;6.708.939.951.855.680;7.068.024.041.774.620;4.828.865.997.270.850;3.452.614.369.185.160;9.537.783.159.332.530
8.411.504.372.154.000;58.014.938.818.279.800;43.314.451.649.609.900;7.814.317.970.429.010;9.160.127.046.956.320;5.439.197.012.785.260;11.870.436.260.210.500;14.715.887.074.013.400;873.056.779.695.841;37.781.777.014.802.300;4.646.813.929.971.260;2.754.649.349.742.020;40.685.741.559.745.200;20.603.937.437.109.700;2.416.726.318.701.890;4.609.403.110.188.510;1.400.957.764.784.420;135.498.699.466.337;13.280.822.000.315.400;7.663.876.889.745.960;11.594.939.067.293.800
45.972.632.352.539.800;28.902.869.583.568.900;5.089.256.668.501.730;4.196.463.891.879.990;924.961.223.577.027;18.535.860.047.894.300;4.174.167.833.759.800;38.907.140.674.809.000;32.533.134.064.631.500;7.609.604.412.479.290;5.310.701.895.264.720;6.797.809.707.263.400;3.790.305.131.126.330;30.131.540.349.430.400;370.800.537.265.901;11.126.525.764.235.800;8.582.851.069.206.430;189.205.403.577.224;47.763.309.610.919.900;5.170.326.924.205.600;10.637.921.406.549.700
12.622.785.866.661.900;952.125.718.278.148;4.612.721.132.342.870;25.608.353.249.322.900;3.939.154.240.018.250;14.052.195.232.082.000;3.644.496.301.573.320;6.175.944.238.634.730;1.535.964.375.815.800;1.444.095.386.486.970;21.557.760.725.645.400;533.320.448.437.839;6.547.272.579.408.670;7.994.686.797.554.480;4.253.946.202.361.070;5.474.884.168.249.870;13.563.733.423.871.100;3.227.554.426.877.860;3.939.142.743.202.330;7.239.377.336.887.000;13.429.079.965.380.400
8.133.588.421.094.970;13.859.889.980.317.400;4.198.972.675.512.070;4.811.285.035.046.020;9.391.795.114.408.960;2.728.808.310.347.590;4.127.732.754.132.370;2.639.370.548.676.970;11.872.939.832.886.100;17.721.906.239.242.600;6.487.663.552.096.430;2.049.880.059.064.660;3.475.925.442.381.970;16.133.194.245.291.300;5.521.656.709.112.780;2.305.524.164.116.550;21.101.394.990.387.000;10.187.105.714.500.600;1.960.582.697.189.010;7.229.722.793.986.550;10.880.143.408.812.200
7.684.013.150.903.160;28.048.151.096.940.300;51.178.502.193.572.100;2.220.627.677.076.090;6.539.912.188.680.920;20.303.355.723.590.500;28.811.098.718.654.700;9.261.394.388.857.520;19.717.135.442.737.300;19.337.198.923.229.000;30.347.750.367.585.800;6.505.938.386.622.270;9.758.582.307.441.710;1.038.838.152.810.200;4.344.061.839.996.250;17.125.131.177.818.400;765.053.744.327.819;8.783.222.074.622.120;20.374.861.419.782.400;3.829.152.281.508.610;13.210.988.916.978.500
4.900.185.898.345.370;2.532.808.319.615.680;2.558.559.745.361.160;31.737.753.427.662.400;2.498.999.566.764.790;29.994.616.370.472.900;2.144.636.028.020.910;13.885.640.713.833.300;3.051.114.321.868.300;13.584.103.592.708.000;57.895.561.733.520.900;0.47857415486438964;809.079.318.586.101;1.883.779.556.890.600;35.596.259.956.447.500;18.773.319.919.814.500;11.127.595.218.616.400;504.383.935.745.696;2.752.360.195.705.950;5.462.871.471.992.350;6.806.841.171.123.960
6.684.487.817.993.350;2.678.735.767.266.450;37.321.806.584.183.400;41.560.890.350.132.800;9.294.636.914.498.670;25.192.786.765.834.100;50.913.751.369.421.600;14.203.018.668.468.900;9.494.532.735.857.980;17.513.443.885.102.900;337.688.910.190.162;5.064.912.968.026.760;51.899.958.275.959.000;1.818.197.059.966.920;35.230.273.318.217.000;2.573.059.223.003.370;7.281.857.055.973.420;11.031.192.211.956.900;1.632.390.525.564.770;391.810.604.616.501;14.671.020.630.676.300
6.455.398.474.662.250;12.570.157.324.192.600;28.982.274.688.834.000;25.923.607.585.691.100;7.998.131.477.757.470;1.416.264.042.477.190;41.763.057.198.052.600;6.343.634.370.141.210;3.320.102.334.754.470;26.585.319.492.244.500;6.800.823.281.628.850;4.329.893.632.332.560;12.676.264.380.859.800;21.830.661.467.671.200;1.848.968.029.503.380;5.506.990.311.511.000;48.761.722.337.179.900;28.263.778.973.725.700;15.406.389.036.661.600;9.066.702.970.063.360;8.739.423.072.929.300
8.883.282.349.874.680;3.273.889.668.439.090;4.003.375.557.529.300;6.575.514.097.324.020;7.280.953.359.323.150;5.692.873.120.358.920;15.892.159.589.232.400;7.281.976.331.714.990;6.783.561.569.656.460;7.989.363.832.359.960;6.852.818.204.671.910;35.678.390.937.555.600;880.317.898.753.185;953.472.067.528.991;19.751.764.218.121.300;47.242.393.717.888.900;3.767.362.715.101.200;9.689.043.213.145.120;0.97843176752367;33.211.768.077.607.800;12.172.569.339.754.500
51.078.853.955.941.300;2.099.941.389.995.170;5.756.528.905.061.490;4.133.192.668.316.240;3.187.875.599.626.490;11.169.823.676.123.700;17.519.537.775.127.900;5.942.511.116.397.110;9.616.644.938.040.150;2.368.057.256.322.780;1.504.799.466.340.680;12.764.605.989.234.300;2.532.049.119.243.440;30.592.848.711.381.600;25.038.758.749.580.500;23.147.020.311.566.400;8.581.408.946.026.100;38.838.694.077.722.100;39.478.805.107.144.500;2.159.781.970.179.740;13.983.646.930.914.900
5.309.370.758.828.110;594.982.682.021.211;5.140.776.876.688.600;5.197.130.304.076.230;7.522.637.590.971.580;7.194.664.100.018.980;13.355.607.875.524.700;7.173.827.689.831.280;6.159.646.800.267.380;2.847.381.640.466.360;14.492.795.901.126.700;48.843.757.530.662.900;5.284.046.989.260.130;9.724.081.489.389.490;8.915.045.314.742.850;4.242.420.442.265.300;9.232.572.100.836.400;371.622.581.094.782;11.164.005.480.039.100;31.378.242.764.673.800;21.406.183.798.483.600
7.794.354.440.972.690;30.706.014.338.021.800;10.327.368.165.022.500;2.070.117.953.693.210;25.279.971.274.468.300;3.795.686.316.594.720;40.032.140.930.446.200;4.224.494.251.091.810;26.939.640.613.976.900;216.825.385.494.398;6.009.857.427.280.010;5.877.094.463.371.590;5.614.933.241.225.000;18.447.719.827.070.300;28.039.484.854.619.100;4.343.853.497.356.460;8.075.893.947.218.780;56.974.993.528.439.500;3.741.488.719.704.250;6.832.396.737.437.890;12.880.170.668.284.800
34.107.246.169.134.600;10.828.113.967.245.800;15.216.543.296.874.500;4.284.207.507.122.860;5.857.592.557.289.870;21.245.588.205.930.900;12.671.334.545.995.600;20.662.671.416.478.000;1.017.443.551.345.500;24.954.899.172.190.800;7.021.277.967.389.800;0.761519126041405;3.293.004.120.627.720;12.314.117.099.619.100;524.007.246.640.251;2.225.856.573.756.500;18.704.125.618.716.200;7.588.764.810.096.740;0.12630807331024285;7.382.964.387.751.100;17.998.968.302.178.700
13.385.205.586.655.400;21.837.878.203.581.600;6.063.402.826.342.230;41.759.938.158.817.300;429.786.404.375.588;3.823.563.994.075.800;2.955.942.447.321.750;6.343.982.244.808.040;33.452.184.437.315.100;4.996.658.090.754.530;2.774.601.950.595.750;2.903.767.628.899.380;3.397.691.055.112.700;5.426.929.563.323.420;18.075.564.009.054.800;23.929.137.008.336.400;6.692.034.721.115.390;6.619.137.104.613.990;8.040.648.073.270.010;3.950.571.131.783.270;1.473.082.590.809.380
12.129.953.993.455.900;2.873.728.132.867.980;6.140.204.365.946.380;32.139.256.042.166.500;17.996.807.941.913.200;5.114.391.583.843.390;20.863.236.238.967.900;7.848.737.573.878.890;2.537.703.923.320.990;2.883.378.575.238.620;563.471.800.172.958;0.7721116371958574;2.088.671.005.783.030;8.066.068.177.450.610;1.548.209.730.021.000;4.025.872.414.693.390;9.105.585.237.817.570;8.573.732.624.365.550;24.760.369.910.551.600;7.805.953.497.204.490;1.721.308.196.774.440
138.624.469.282.309;0.857301473073518;5.505.299.982.126.960;29.912.835.384.854.000;12.972.707.305.754.300;1.875.110.254.498.180;21.739.163.997.408.500;4.719.671.624.822.660;2.909.290.478.561.610;22.113.818.374.955.000;5.671.732.015.363.900;3.438.131.068.869.330;3.744.887.899.046.710;6.254.110.440.555.280;13.192.712.516.995.600;3.912.965.236.005.130;36.858.741.807.852.900;10.644.087.481.112.400;2.781.370.179.603.730;4.945.625.830.646.540;11.281.974.354.164.200
11.137.445.653.162.100;3.876.642.090.379.330;18.972.853.840.586.100;0.624318169350136;7.055.400.711.720.090;5.235.792.547.981.290;806.186.036.491.495;36.292.994.332.899.300;11.172.799.108.780.200;12.487.600.572.162.900;7.673.110.893.969.100;22.108.170.752.730.600;39.332.231.418.617.000;5.638.430.211.278.440;3.620.287.463.554.360;16.617.753.213.180.700;7.712.544.743.765.160;8.436.407.364.810.460;51.328.922.978.465.200;44.621.103.543.692.800;8.642.119.357.645.030
4.131.559.065.662.110;18.334.714.287.899.600;5.896.070.108.872.400;540.345.924.253.118;5.449.592.679.277.060;318.007.520.411.675;8.485.272.804.190.250;3.051.531.738.265.340;10.686.770.108.785.100;21.220.988.552.048.900;4.925.147.358.985.500;38.665.819.020.678.200;39.799.200.390.972.400;7.236.838.880.750.600;20.009.605.407.643.400;5.666.115.088.995.470;1.098.374.428.627.750;800.265.824.273.579;3.960.902.587.837.990;5.393.433.665.521.530;18.332.235.272.429.500
32.980.485.813.002.100;4.405.414.151.421.240;12.862.164.401.794.600;294.986.019.437.999;9.039.858.493.848.350;4.783.358.829.020.380;42.630.825.066.918.700;15.730.858.925.303.300;25.802.594.826.731.900;36.288.736.130.550.400;2.749.516.214.526.140;17.571.690.660.087.000;5.976.617.618.352.590;17.255.526.353.836.700;4.451.098.112.008.060;5.069.186.374.615.400;3.935.717.928.273.930;2.619.644.181.936.310;15.590.959.635.121.200;46.904.964.497.963.700;12.429.115.258.834.500
5.144.133.486.266.750;5.865.258.554.202.310;1.162.740.232.580.100;17.534.509.974.486.000;15.956.745.401.606.700;4.794.986.333.238.640;19.483.693.917.470.900;42.452.346.114.866.600;1.690.548.328.235.660;12.862.130.440.836.300;18.165.889.108.071.400;2.318.086.165.440.300;2.957.004.688.563.010;9.030.769.565.342.620;6.239.622.166.212.840;2.014.960.814.511.110;12.679.560.728.557.100;13.277.483.612.803.800;27.964.842.304.226.100;8.596.534.149.849.510;9.156.845.156.221.440
3.768.470.908.069.200;5.567.988.740.848.240;4.901.537.835.702.110;2.050.446.544.562.850;325.045.744.022.468;25.440.911.447.104.700;3.937.466.145.550.050;701.990.980.248.499;7.125.230.807.970.700;2.567.690.861.815.620;3.080.625.837.026.110;5.359.392.629.579.020;1.700.441.533.445.120;17.492.305.817.346.900;31.340.098.577.903.500;5.449.126.325.350.880;18.073.927.847.948.600;8.099.238.935.034.010;49.651.373.528.534.000;36.019.225.819.229.600;15.574.724.331.400.200
3.781.078.770.659.110;1.814.451.593.389.100;2.176.916.125.154.070;5.377.957.310.621.240;24.416.337.376.806.100;2.140.375.987.442.270;1.300.728.759.311.740;4.541.500.277.906.510;14.452.556.717.236.200;3.827.837.832.331.880;44.911.512.430.131.300;24.121.655.128.953.800;9.517.840.556.670.620;1.457.706.597.288.580;2.617.322.998.150.890;5.287.415.691.632.210;5.715.896.907.275.690;13.867.538.894.713.300;5.220.682.107.004.930;408.414.636.053.519;17.994.275.710.764.100
2.348.921.856.903.960;13.237.673.406.673.800;22.616.888.848.631.000;48.115.341.476.591.400;8.493.848.850.741.960;4.872.183.310.743.170;4.020.975.108.121.960;7.527.864.858.406.020;20.146.561.374.967.600;14.939.395.640.727.000;34.186.777.265.227.800;0.4098307310444689;9.409.258.840.345.940;10.063.589.217.898.300;48.086.411.016.504.900;15.078.970.651.106.500;4.100.389.808.622.190;6.580.642.482.018.800;3.406.288.364.599.790;3.887.687.346.884.260;964.153.982.964.919
10.569.632.467.300.400;5.025.131.373.414.110;5.199.946.620.997.590;37.253.897.156.498.100;31.769.496.513.099.100;21.821.310.241.773.100;6.326.843.833.886.080;12.436.953.891.993.800;3.155.757.795.889.950;2.454.708.870.684.740;479.721.660.250.218;29.611.240.528.325.500;8.752.525.791.133.490;10.944.446.032.210.700;5.078.014.383.400.820;31.272.564.241.730.100;12.229.793.930.368.100;2.557.262.024.060.310;3.319.251.034.154.280;0.25291931658869204;10.219.213.375.099.200
5.475.506.894.460.940;4.635.889.082.347.150;3.768.371.364.869.620;3.962.047.072.585.040;6.375.223.681.109.890;2.856.495.375.588.940;41.611.993.516.438.400;14.062.166.379.950.600;11.322.879.260.649.000;381.713.798.652.783;5.649.343.798.851.160;3.919.650.662.390.200;44.192.383.798.334.200;19.272.899.488.428.200;6.266.880.034.003.550;276.142.203.201.605;14.316.592.334.254.100;12.371.667.057.593.200;2.679.969.462.216.890;3.546.319.504.957.550;11.296.238.858.702.000
6.332.537.139.467.540;52.106.766.186.065.400;4.369.977.366.697.130;18.892.995.854.272.600;1.159.290.777.511.180;41.062.511.687.850.800;21.680.454.059.782.100;23.537.887.939.049.800;62.637.155.122.789.700;20.738.445.255.723.100;6.382.093.996.235.320;5.978.533.320.373.000;3.704.631.088.383.030;12.134.148.262.937.900;12.561.929.660.506.600;2.035.968.164.743.470;28.245.267.162.554.300;9.986.885.832.929.070;5.558.102.324.859.130;7.710.254.303.652.490;21.654.490.270.874.200
8.934.749.905.262.720;5.804.435.282.871.880;2.576.523.811.105.210;9.040.067.820.868.570;4.948.080.050.462.690;29.110.367.381.393.100;28.631.212.971.134.800;10.867.435.132.954.900;37.308.128.834.193.100;26.712.460.804.302.100;5.755.154.922.852.800;0.216825937687805;8.134.095.790.084.690;7.620.301.366.751.710;4.094.713.883.691.760;5.584.272.403.289.980;6.984.942.789.452.780;8.910.107.984.779.660;4.040.062.393.845.400;8.461.518.711.406.520;11.216.618.686.898.800
7.004.299.567.023.650;38.825.072.405.640.200;4.151.219.990.493.310;46.521.727.580.742.100;7.969.874.809.841.960;1.813.529.168.579.040;277.879.320.854.144;20.254.315.324.365.100;2.106.694.699.983.640;36.308.533.599.721.600;5.783.977.498.005.330;12.675.715.206.955.800;41.031.768.620.079.100;11.402.924.509.832.400;4.896.103.066.402.720;4.423.335.708.284.020;5.031.930.927.083.350;1.325.516.369.490.850;5.302.281.563.031.580;26.923.467.058.755.300;2.343.906.615.797.470
26.165.808.025.751.000;17.236.090.509.335.900;3.264.336.355.739.350;42.116.383.933.968.200;9.100.853.901.275.110;46.894.370.152.708.400;4.601.823.279.005.390;34.886.098.902.611.800;18.212.356.162.665;8.275.463.053.179.240;50.359.657.522.612.700;25.279.975.647.114.500;46.889.728.617.495.500;17.935.462.254.978.100;15.698.867.653.689.500;41.345.115.005.191.900;1.220.753.638.699.050;8.703.128.709.308.160;3.446.675.892.753.710;8.779.396.747.345.590;1.400.756.352.645.490
3.789.900.553.354.770;4.941.359.333.524.150;11.736.232.032.267.900;306.056.998.582.871;8.291.929.173.129.350;3.814.273.144.092.320;1.023.486.896.424.760;43.840.440.526.118.800;2.989.720.755.922.800;3.597.645.368.710.930;16.995.041.450.047.900;14.984.136.836.646.200;13.342.606.357.084.400;10.473.659.783.214.600;4.873.743.858.743.560;5.586.220.276.513.930;15.094.146.365.950.000;0.8971464850056666;1.375.020.345.362.620;3.953.622.108.943.140;9.292.741.868.924.160
5.716.792.715.730.270;41.335.071.585.249.300;594.222.121.728.986;14.026.914.119.658.900;3.594.789.548.030.850;3.418.942.826.193.810;1.382.291.589.180.070;6.220.383.286.600.710;7.571.082.186.353.920;10.132.191.399.167.900;528.205.599.208.282;6.628.814.864.217.830;27.674.516.987.599.800;11.363.334.049.850.100;34.020.543.749.975.400;5.447.063.616.252.170;19.260.644.240.303.000;8.162.525.875.951.630;10.072.706.544.507.100;4.384.793.977.860.430;19.115.347.558.106.900
5.010.073.478.690.840;5.810.020.717.103.190;40.299.181.825.793.600;23.922.939.497.582.000;23.529.095.517.461.800;3.859.106.950.750.200;26.315.594.167.817.100;7.636.242.676.826.250;15.008.783.305.602.800;28.316.087.014.775.700;4.753.229.699.405.000;24.564.327.434.479.600;16.498.032.485.957.800;7.701.218.749.581.190;4.370.003.642.558.960;14.795.714.466.782.400;12.794.858.416.322.600;707.238.468.151.635;19.449.784.919.352.700;7.801.125.372.166.490;10.840.281.830.262.000
3.949.260.809.941.300;39.501.368.692.535.000;49.589.847.603.352.800;3.400.073.485.899.990;216.102.614.135.685;9.611.679.746.034.690;1.776.228.415.844.590;3.283.340.348.577.710;2.850.858.813.527.830;3.271.509.655.114.070;45.135.165.620.243.700;3.762.617.849.308.810;19.623.770.571.662.400;973.367.115.223.221;41.455.265.620.977.500;532.350.619.866.613;12.244.956.698.073.100;18.429.047.257.713.000;10.220.718.575.849.500;3.400.547.403.359.990;2.196.143.608.338.640
25.367.497.369.494.500;13.549.074.331.992.300;5.556.498.248.822.400;698.400.399.297.188;37.465.029.493.859.300;5.885.605.670.817.300;286.912.098.659.609;8.532.193.537.444.500;3.309.909.265.902.710;23.080.456.565.472.300;5.180.956.340.167.540;3.106.579.262.152.640;6.738.121.634.079.440;49.067.547.693.600.000;6.889.380.969.966.030;9.795.910.738.496.130;7.637.061.396.138.620;12.626.052.548.265.900;28.269.255.656.032.800;3.962.255.387.202.870;1.630.904.267.661.160
24.391.169.688.969.600;14.835.558.291.117.400;452.858.349.955.803;3.513.097.386.717.150;8.728.651.975.849.030;43.137.964.552.441.900;3.855.472.324.340.660;3.658.388.598.456.050;1.207.651.447.031.820;20.276.822.537.823.300;1.491.920.250.418.080;6.643.456.828.270.830;3.491.841.083.702.820;15.587.795.902.011.100;5.144.123.089.845.780;15.502.964.280.342.500;7.102.893.152.488.110;3.339.859.853.469.280;518.581.490.654.206;7.182.998.140.766.860;17.333.071.534.855.000
5.019.463.843.496.980;4.505.323.250.240.710;42.017.443.875.508.400;3.981.942.469.428.930;4.216.370.223.049.010;15.847.870.531.383.100;42.636.849.625.269.100;7.385.270.881.573.630;873.820.544.036.077;15.195.410.082.883.300;37.235.499.823.507.400;12.896.982.975.380.000;8.893.807.654.545.900;5.932.266.628.845.250;3.247.271.496.187.970;1.661.716.448.517.990;1.664.853.538.504.110;9.115.372.920.614.120;33.847.970.197.831.600;41.141.877.756.618.900;1.173.325.698.645.040
17.428.924.984.595.800;5.261.096.670.233.030;6.542.840.459.102.450;4.298.892.281.744.790;19.790.458.115.637.300;15.611.312.438.633.900;9.706.088.637.695.360;18.107.275.556.002.800;12.422.503.478.005.200;22.935.037.096.945.600;5.296.920.600.493.570;508.505.263.379.009;8.340.843.302.295.070;3.578.222.958.361.410;5.523.947.826.611.780;27.682.639.099.924.100;31.301.933.440.493.800;8.886.138.831.494.120;8.417.532.184.346.470;17.036.351.901.597.000;9.700.145.368.777.820
990.607.565.235.444;44.234.191.788.597.900;28.086.713.034.077.500;20.607.173.048.831.600;467.781.862.232.862;29.717.836.931.812.200;13.615.510.937.596.400;7.623.551.506.111.120;33.762.636.635.780.400;1.484.329.890.868.960;5.126.601.971.691.110;3.408.642.914.052.020;5.796.942.246.189.590;9.256.757.489.725.730;5.231.595.057.658.930;43.790.517.230.497.100;24.321.126.937.151.800;4.550.039.335.030.040;2.640.942.079.421.840;8.799.080.927.875.420;8.032.438.031.649.110
19.348.291.045.425.200;2.408.738.272.881.510;14.613.502.653.487.600;4.364.579.643.896.870;648.268.783.761.117;31.402.618.593.070.200;13.372.698.899.990.000;5.459.788.755.251.010;12.664.673.436.913.800;14.868.693.206.978.000;6.908.875.231.887.080;152.737.136.435.101;9.417.299.671.167.540;4.652.661.743.970.020;6.837.893.387.588.190;17.942.641.154.263.700;15.331.925.457.318.600;10.794.688.716.660.500;3.773.544.746.577.950;3.367.351.370.684.420;7.184.322.110.887.970
50.944.574.097.319.500;2.560.203.258.198.100;4.229.992.303.351.260;3.093.320.475.301.830;3.689.067.488.647.600;2.422.806.851.126.690;24.901.015.772.251.400;20.233.308.266.180.400;2.287.238.386.678.760;2.431.377.847.294.100;3.968.634.762.578.920;0.9250922345900755;9.287.536.979.606.670;13.859.681.206.619.500;3.133.731.457.666.320;163.488.287.825.215;15.668.139.644.050.800;4.492.948.102.577.000;4.714.640.962.520.900;15.826.625.562.417.500;1.608.193.309.609.710
3.447.530.421.768.740;30.404.199.859.480.000;48.130.455.193.313.400;4.047.467.315.687.200;5.004.840.366.147.620;17.597.076.856.898.000;10.090.019.610.790.800;153.481.776.983.483;21.987.276.864.170.000;7.923.391.946.647.420;5.353.291.605.389.020;5.885.321.765.297.190;3.291.946.587.193.170;2.499.087.653.363.040;3.918.501.090.971.830;25.691.635.938.492.000;8.276.628.126.788.080;12.014.670.170.455.700;1.377.798.670.502.490;6.739.372.411.436.150;1.484.267.945.888.140
3.489.320.411.441.950;31.160.277.134.733.600;29.930.181.188.291.900;25.091.600.413.225.900;9.116.166.010.943.390;1.601.311.531.220.980;1.578.675.431.696.170;9.644.637.408.051.970;12.435.826.369.533.200;3.038.574.343.294.690;3.245.208.968.985.600;5.621.658.035.980.990;1.471.564.233.254.680;9.316.192.730.756.010;13.401.626.112.552.800;5.975.332.152.702.080;20.685.260.819.256.500;12.292.408.359.335.100;4.802.876.061.702.180;7.554.917.400.741.790;12.194.477.593.034.400
41.355.192.184.781.900;2.129.124.056.824.650;1.098.911.146.369.290;3.266.574.683.459.000;912.240.180.572.809;4.193.772.049.161.510;16.892.017.522.358.100;5.983.672.932.038.910;11.572.179.191.267.300;333.415.820.082.634;689.634.654.296.301;2.615.866.450.084.470;9.429.104.280.553.910;9.371.814.364.597.350;1.308.953.826.139.520;5.150.687.925.211.590;17.628.834.179.187.400;8.182.981.384.553.810;4.505.350.376.718.000;4.673.100.058.874.690;9.544.947.731.460.230
9.024.778.494.381.400;3.533.714.640.399.920;28.608.383.041.033.400;2.674.441.398.331.330;6.096.142.898.327.310;4.070.882.142.385.230;1.707.201.541.753.180;2.669.089.194.385.490;56.459.540.686.141.400;1.990.993.469.507.520;2.112.620.153.268.090;2.210.099.475.356.270;4.597.770.904.902.370;18.932.608.991.586.500;4.816.661.166.848.060;6.723.818.670.415.430;15.365.265.863.500.700;8.059.353.004.905.240;4.999.329.877.177.030;83.357.070.355.564;20.962.765.747.305.700
1.755.351.233.241.430;6.586.270.349.109.160;44.761.581.055.631.200;33.158.846.231.727.300;11.649.850.075.077.300;6.124.893.568.517.580;9.315.664.422.074.450;7.611.257.357.109.760;16.411.845.593.031.200;5.940.334.032.747.120;683.506.875.319.894;0.4303094918037932;8.451.136.467.342.650;38.238.524.939.724.900;2.590.127.499.905.850;4.702.919.662.935.210;7.545.184.338.376.080;4.897.432.871.619.000;5.242.693.948.780.440;47.432.665.340.941.000;13.034.416.981.358.400
7.659.865.649.744.820;24.039.934.938.588.100;12.583.129.082.116.300;6.398.989.246.106.820;5.517.656.593.172.630;3.657.451.083.189.160;2.815.717.092.314.210;2.428.342.410.136.040;2.580.403.710.338.790;752.185.215.388.636;50.124.929.619.012.800;5.725.528.180.008.630;4.197.484.105.585.810;8.374.954.540.114.830;13.232.088.703.845.500;37.517.757.328.260.200;1.567.401.249.820.460;12.456.162.040.952.200;17.756.833.438.863.100;4.296.100.065.080.410;66.716.782.514.493.400
8.028.613.310.607.490;2.435.383.337.479.150;5.088.595.072.698.780;3.524.490.775.298.430;4.007.923.163.182.930;22.661.583.447.224.000;3.821.595.039.984.100;33.604.527.872.274.500;3.649.171.398.195.000;19.546.222.882.564.600;10.677.076.399.545.600;39.935.211.634.371.200;8.287.422.201.875.170;12.032.616.012.487.200;3.349.648.692.866.530;8.404.768.907.818.290;7.328.786.504.621.580;12.648.374.801.150.200;31.432.657.075.320.900;698.078.749.973.713;1.888.672.131.679.970
5.535.847.162.790.330;35.644.815.810.863.200;44.964.959.350.957.900;23.735.207.040.387.400;9.361.474.242.631.200;15.254.355.867.834.400;40.717.198.275.862.800;6.373.715.112.719.460;15.272.792.988.311.400;4.016.566.046.346.360;5.211.604.528.126.160;35.116.795.563.928.700;3.249.480.752.263.440;24.723.617.236.474.700;1.376.535.133.247.470;2.816.082.047.512.310;30.782.294.788.026.100;24.838.685.300.691.100;4.704.149.062.058.740;4.503.491.844.607.570;15.288.850.864.725.700
28.637.295.067.787.500;4.456.972.678.990.130;2.534.926.957.150.470;13.490.247.269.604.100;73.360.778.680.844;47.341.791.636.385.200;3.111.962.601.820.240;21.457.198.700.256.700;3.099.535.575.983.790;22.700.986.019.481.500;2.013.861.421.585.290;2.442.857.375.364.400;8.440.236.478.481.020;859.831.459.557.018;10.681.674.681.546.000;14.591.540.263.929.300;15.120.079.451.300.200;7.480.088.260.243.100;34.373.792.775.688.200;649.765.565.774.825;12.993.214.418.704.100
39.751.732.384.971.400;2.853.268.687.734.710;32.575.432.310.682.600;1.527.740.978.694.760;4.940.983.143.495.360;43.350.593.473.271.100;26.183.700.442.932.300;5.663.477.590.826.500;12.511.877.917.030.700;1.740.212.105.598.500;4.806.887.761.334.550;0.7783276605747969;3.164.081.510.851.280;1.424.369.568.306.340;4.466.039.984.691.860;307.199.428.324.492;6.573.638.840.694.350;28.982.754.717.015.400;4.143.953.841.449;598.809.157.640.667;17.848.440.348.413.600
934.550.962.905.849;2.287.065.535.896.870;5.710.054.178.939.560;23.506.725.227.471.700;8.493.654.666.018.670;4.989.725.655.290.540;213.622.496.712.729;2.580.759.806.820.060;4.610.302.054.255.240;18.468.313.543.125.100;6.631.904.506.031.590;11.254.799.435.327.000;2.168.181.091.642.830;7.898.519.035.481.660;4.709.704.249.450.180;46.920.108.066.733.100;18.285.344.574.002.100;10.546.021.228.735.600;5.216.316.749.122.900;7.806.789.282.289.330;20.203.214.332.359.400
6.850.856.707.551.820;4.876.533.955.697.480;27.017.889.751.658.100;4.618.643.292.266.450;8.197.357.612.800.760;5.675.074.431.105.210;156.551.965.118.158;7.332.179.167.729.870;12.772.130.678.556.300;3.056.846.310.049.860;4.176.890.081.521.390;0.18191342134923116;17.165.816.829.465.800;9.808.503.267.193.650;5.151.373.185.696.720;42.166.730.985.822.200;9.031.639.795.004.920;7.404.976.936.887.480;26.390.034.277.560.200;5.961.265.395.504.380;664.145.558.113.987
6.011.330.821.123.600;32.421.306.585.470.500;22.929.051.821.398.900;190.297.324.677.377;7.819.310.834.347.160;996.626.890.343.122;135.773.927.472.895;38.746.065.260.117.600;2.924.752.822.989.360;3.782.202.408.292.170;3.773.433.884.147.030;65.643.939.759.850.400;1.771.732.251.325.590;6.447.238.754.896.520;4.958.573.681.295.770;5.460.551.521.946.940;18.661.967.781.993.200;8.260.535.485.276.510;2.734.164.763.918.270;148.785.739.498.051;8.022.557.400.776.090
49.111.607.697.512.600;4.775.506.387.607.610;4.181.141.900.368.900;11.351.565.109.933.400;12.599.244.994.068.600;29.798.887.983.281.000;10.155.787.485.217.200;12.959.954.680.720.100;11.961.835.264.402.100;4.274.488.061.322.310;2.586.367.165.438.610;32.835.513.593.245.700;9.673.161.624.254.410;53.811.205.889.955.300;22.241.253.364.118.500;7.783.401.599.649.560;7.344.666.730.522.000;6.352.727.239.028.600;29.093.006.965.661.100;23.561.687.375.151.300;10.277.648.750.490.100
5.173.053.071.460.070;15.811.276.267.560.000;2.832.436.619.409.810;1.302.587.135.050.110;3.678.444.973.067.240;4.845.294.273.126.240;2.377.596.598.613.080;3.314.273.123.673.980;25.738.040.369.023.700;28.299.780.214.782.300;5.807.797.881.008.370;2.054.724.080.926.330;8.026.996.249.431.570;980.001.786.412.121;4.499.473.080.328.610;3.381.189.968.572.700;11.780.948.798.256.300;10.641.539.009.962.600;25.821.071.913.067.200;513.214.135.510.851;1.549.192.229.053.840
6.543.972.119.991.140;2.923.939.528.076.440;42.333.451.282.985.400;45.412.118.723.536.100;13.764.137.334.182.600;11.150.995.393.737.800;35.660.708.920.586.800;4.153.711.413.472.120;24.679.527.813.484.900;13.009.609.731.757.500;44.868.663.706.193.500;49.701.083.306.618.600;7.333.107.748.682.450;12.091.148.469.395.500;3.256.193.142.846.920;22.175.523.203.983.200;18.383.090.205.579.800;1.926.392.181.087.190;10.053.583.917.571.700;8.255.431.449.773.230;12.310.218.630.720.000
3.009.456.439.920.360;2.610.967.132.412.580;16.491.152.478.882.800;31.846.520.552.882.400;5.675.064.389.271.290;5.151.537.508.770.970;4.206.944.770.073.400;3.068.217.527.164.470;29.787.954.428.646.300;9.626.351.777.865.000;3.929.909.987.817.120;5.386.716.568.760.700;5.170.745.490.761.170;18.324.576.951.505.800;995.481.748.821.917;22.964.071.831.302.100;9.071.335.116.077.610;3.667.254.999.615.050;322.148.986.069.197;3.293.627.362.434.750;15.045.652.952.403.100
6.731.437.010.821.080;33.528.924.257.614.500;5.274.804.471.678.190;25.829.799.014.066.700;8.209.904.806.752.760;42.249.797.188.424.500;39.021.488.459.155.600;6.420.595.502.980.600;1.293.089.698.790.350;6.481.230.009.387.530;30.706.905.962.209.300;2.178.650.110.562.600;442.038.615.363.145;15.908.911.042.383.500;52.966.636.936.089.400;5.469.555.131.144.850;8.241.686.043.723.710;10.345.586.229.194.500;8.798.577.189.884.790;6.667.826.802.690.800;17.345.415.210.057.600
11.693.689.145.962.900;4.158.079.096.575.430;5.017.777.238.406.720;2.667.824.713.098.080;3.328.936.424.086.110;3.827.702.413.347.510;9.974.789.831.028.120;3.007.038.514.651.750;27.926.211.242.335.000;19.738.807.361.817.200;52.148.015.176.083;0.8518236491646602;6.300.688.928.905.630;35.435.928.092.242.200;27.059.364.488.064.500;23.251.585.223.192.300;12.037.434.344.179.400;8.169.443.745.731.520;2.436.369.364.146.200;7.675.828.207.603.470;11.606.340.010.224.100
8.303.731.240.967.960;5.618.847.338.480.850;3.007.892.785.743.620;24.230.451.836.472.300;7.341.700.751.988.330;35.881.003.364.274.500;1.656.268.677.869.410;4.984.691.337.239.510;15.899.100.909.597.600;35.612.241.519.633.600;3.263.061.707.937.520;1.309.742.223.097.820;23.270.768.725.344.900;46.103.027.962.526.900;41.855.978.205.301.400;49.237.302.760.952.000;1.024.939.815.146.680;11.550.514.521.041.700;33.254.707.701.469.300;2.942.872.484.727.760;9.027.150.860.622.450
27.250.486.772.625.400;27.540.877.720.565.900;35.520.505.838.084.700;3.502.767.811.397.810;6.615.249.185.045.430;9.094.348.208.589.420;3.964.302.574.654.240;34.327.952.077.245.900;13.882.893.326.983.700;23.182.547.823.986.900;6.300.120.743.001.510;4.746.787.176.831.570;5.402.948.121.317.240;7.596.225.241.013.920;31.555.297.598.895.500;3.639.381.970.560.210;24.332.333.046.018.900;12.127.040.485.934.900;429.981.895.507.308;32.831.481.294.508.500;1.775.347.024.570.020
5.003.737.696.294.830;42.793.976.268.170.900;25.586.112.385.786.800;3.832.198.657.758.000;6.909.611.982.981.360;52.669.659.664.072.300;19.323.749.518.120.300;784.643.012.967.555;8.688.760.593.011.090;33.412.677.686.144.700;18.245.300.393.221.200;6.611.847.425.971.890;50.792.052.721.302.800;13.638.985.454.604.000;20.162.671.914.663.700;5.229.289.042.895.710;16.264.878.463.427.200;3.542.819.584.924.310;3.344.486.856.800.840;16.105.535.037.711.300;12.965.495.219.228.600
49.721.019.782.270.600;8.833.091.052.556.970;14.069.732.036.908.800;5.245.234.248.555.420;6.878.797.675.209.400;9.601.878.627.444.140;1.507.326.795.963.740;6.979.116.703.953.820;15.187.283.715.810.600;15.363.235.959.407.800;1.151.919.722.714.230;20.135.324.380.825.600;8.246.528.112.562.230;23.915.320.707.083.100;4.483.934.926.236.030;2.912.977.849.362.520;6.906.175.438.206.430;12.954.344.463.513.800;2.944.582.361.881.110;20.314.311.096.587.700;33.347.950.702.842.000
8.976.092.493.532.670;12.287.533.719.676.100;4.856.608.626.041.730;12.350.621.961.378.100;23.171.513.490.366.600;36.747.627.825.893.100;194.742.235.932.232;6.231.914.813.825.630;2.695.481.996.749.210;2.583.894.383.162.320;9.117.180.017.391.600;412.691.782.944.889;2.624.929.186.541.920;4.617.817.854.469.010;12.044.079.702.864.000;50.689.822.027.686.400;5.349.545.924.612.710;7.852.815.917.519.160;31.340.219.702.923.600;6.948.861.817.448.030;12.781.180.762.119.700
8.248.649.466.691.980;4.073.473.176.836.680;40.654.082.683.222.600;37.046.766.690.960.800;1.725.404.195.228.850;32.999.622.929.246.300;3.863.510.486.527.720;39.650.318.819.664.100;356.245.113.229.007;19.389.072.057.077.700;6.476.610.554.346.700;386.607.352.138.237;1.418.612.728.406.970;15.204.578.358.915.300;22.509.312.797.746.400;23.794.341.697.056.500;1.486.673.314.023.570;19.644.902.444.136.400;5.284.679.787.647.360;5.665.748.744.973.090;16.061.623.441.793.900
29.629.883.261.442.400;2.958.377.693.245.590;5.097.419.010.234.350;45.099.887.063.391.300;42.330.069.635.799.000;4.980.001.972.782.390;35.577.982.149.412.500;32.637.151.298.627.000;2.564.705.462.308.390;12.779.099.010.259.300;5.060.946.138.448.370;20.310.523.849.403.200;3.855.184.662.853.680;4.080.463.880.567.200;9.053.005.801.641.550;29.272.310.018.961.800;25.791.081.099.576.600;7.638.791.113.712.440;12.603.767.746.525.700;670.027.944.538.286;12.446.879.588.799.600
5.840.809.071.940.470;31.131.037.600.088.200;17.531.451.180.065.500;4.740.208.326.211.690;3.722.995.874.284.900;27.043.581.069.858.100;10.973.521.095.498.000;29.479.759.531.265.600;14.435.911.685.470.300;13.364.517.254.642.400;9.316.962.788.430.330;1.007.915.379.302.930;8.728.284.148.228.010;3.421.197.519.122.440;3.348.281.998.759.910;3.971.879.344.559.180;5.427.940.763.725.390;10.909.786.516.532.900;8.082.211.482.371.930;9.033.023.116.643.880;7.788.287.945.568.610
7.617.729.507.372.000;3.773.835.522.959.520;32.228.716.036.216.700;3.546.684.197.240.080;5.277.841.946.764.140;17.310.749.615.420.400;3.254.557.146.977.970;4.927.310.293.277.700;1.759.799.288.344.000;11.092.397.433.570.700;25.068.625.542.685.000;6.842.900.520.630.250;2.768.281.271.918.170;8.334.820.166.178.380;3.833.510.506.599.590;51.119.575.895.729.400;7.332.701.320.288.910;8.081.824.101.949.180;37.195.357.137.562.000;3.567.350.024.184.090;1.317.222.612.095.700
24.415.785.448.957.900;24.039.820.230.419.300;34.730.989.573.014.000;4.398.926.041.325.290;8.667.753.723.710.680;10.712.765.602.676.900;3.589.887.107.487.140;3.180.613.990.946.430;6.067.767.966.023.800;2.132.790.123.833.940;22.229.454.525.294.700;5.205.701.143.243.140;18.343.570.915.001.800;19.212.832.362.363.400;4.579.228.278.749.540;5.206.404.150.314.690;4.622.030.298.688.730;25.597.214.506.406.900;17.340.821.250.769.900;5.847.609.204.074.050;14.863.478.816.497.700
8.278.632.083.729.340;5.171.375.853.424.930;599.633.312.242.016;3.186.573.220.005.480;9.907.352.893.060.280;3.312.789.715.026.630;16.171.798.104.288.300;25.410.255.474.642.200;21.199.375.488.280.500;905.091.011.647.503;4.207.741.723.928.260;0.816887696087573;5.686.972.837.982.750;5.987.873.110.184.040;17.979.143.471.466.700;49.141.185.131.770.600;16.080.941.380.444.500;9.038.917.504.411.160;3.936.086.918.851.760;6.473.337.562.168.380;13.684.236.256.003.700
8.569.953.859.514.300;5.114.298.778.255.310;33.878.110.024.683.200;2.075.991.629.913.240;16.431.341.860.040.800;7.974.245.711.181.730;4.435.073.147.881.860;35.807.506.756.674.700;24.975.709.779.454.300;25.778.997.760.806.100;5.738.419.032.614.870;12.216.179.944.995.600;7.140.685.744.043.710;1.404.171.742.090.320;15.122.591.143.384.600;25.400.321.801.027.400;22.483.712.898.951.900;12.497.722.001.303.100;4.149.947.706.690.120;26.250.804.123.758.800;14.920.911.062.129.400
6.876.211.198.371.570;13.063.836.654.750.000;6.982.455.315.047.830;39.965.576.223.850.800;6.861.210.179.907.020;4.466.747.683.441.070;3.579.642.878.896.910;50.133.860.436.471.600;2.581.294.968.663.960;2.331.048.305.829.630;25.577.973.176.490.200;4.890.910.883.840.930;8.575.475.191.711.720;4.791.236.831.173.520;3.960.238.813.337.060;37.808.663.472.901.600;10.091.728.427.948.900;11.763.749.993.285.900;16.661.593.555.254.600;17.140.264.178.470.300;14.853.332.845.923.600
2.204.569.336.837.560;10.602.076.467.172.500;2.645.360.882.161.680;29.909.924.886.595.700;505.843.602.947.614;4.334.144.244.192.490;3.956.778.085.637.230;22.728.660.169.620.100;32.863.294.889.765.500;25.811.476.278.616.500;4.219.367.129.582.500;2.272.747.879.717.110;6.723.778.654.018.130;14.979.248.475.195.300;8.083.177.287.067.400;4.640.515.612.442.030;955.854.906.680.741;10.126.531.479.821.000;10.012.815.948.515.600;6.465.616.662.177.430;17.947.368.631.349.600
5.841.598.525.449.150;26.997.377.266.896.600;8.570.855.338.166.490;8.885.257.929.707.610;9.263.984.736.962.370;3.492.826.682.874.890;31.151.009.491.192.900;7.676.511.147.802.780;20.054.879.088.265.000;34.415.211.388.042.500;5.622.134.472.599.380;10.113.687.563.270.300;50.628.815.537.394.400;6.765.865.829.361.740;1.939.261.521.762.310;1.765.907.020.035.880;1.615.205.903.433.270;12.140.827.729.535.400;1.760.791.543.949.470;6.847.029.125.175.210;10.770.462.034.023.100
15.298.579.130.842.600;5.571.253.995.775.820;2.876.217.254.283.520;3.885.333.534.377.730;6.515.091.084.235.290;6.319.834.078.361.290;5.232.772.602.134.000;21.146.241.284.323.500;36.161.081.280.547.400;3.370.923.957.783.230;7.250.642.502.209.020;6.203.181.010.456.290;6.483.245.851.082.090;7.195.873.080.806.990;3.933.580.270.730.970;49.929.214.581.168.100;11.457.068.241.570.200;3.572.408.343.508.100;29.238.359.339.110.400;23.197.332.233.556.100;183.747.844.363.237
27.869.506.057.696.600;20.305.864.013.065.300;22.438.660.667.576.900;4.127.210.424.983.950;7.741.220.386.968.810;41.667.137.384.333.100;367.522.593.507.086;8.336.194.838.027.130;27.351.864.973.772.800;8.676.935.260.214.760;382.371.297.038;0.010436779443006305;8.032.839.197.179.470;12.433.640.281.705.900;1.963.131.943.301.520;290.058.093.121.881;6.900.190.116.272.550;11.970.419.700.727.400;6.621.324.865.502.780;8.826.501.455.998.750;9.766.181.374.458.180
9.335.397.363.421.880;6.616.712.682.393.520;42.237.997.463.251.100;20.314.850.042.932.300;5.914.386.386.233.370;2.953.441.111.585.610;4.096.200.819.622.780;6.230.027.346.146.800;23.646.350.805.953.700;2.839.020.182.378.660;5.606.469.076.536.480;3.854.688.468.618.910;4.732.706.836.328.600;12.869.474.031.005.000;5.502.833.070.646.740;20.342.066.411.022.900;6.067.681.709.261.440;4.257.475.448.823.460;15.589.206.147.704.200;4.300.044.386.189.290;2.130.444.353.010.250
48.558.566.127.098.200;5.555.159.001.109.050;22.976.715.111.098.400;48.243.645.943.805.200;2.091.014.833.901.390;2.379.395.982.197.410;41.426.911.233.976.000;34.583.179.482.016.300;14.354.487.083.395.500;14.049.392.482.425.000;450.619.063.272.139;21.293.222.567.850.700;9.394.810.307.497.320;4.622.907.645.679.910;34.760.646.627.010.700;8.765.574.887.010.250;14.392.329.382.485.500;6.592.364.433.232.610;23.519.387.292.784.000;7.912.068.081.823.940;8.017.375.138.877.910
7.586.218.614.534.830;5.856.786.950.362.600;22.799.429.694.805.500;2.969.757.885.493.550;33.413.019.668.345.000;2.740.860.088.708.810;5.919.992.665.096.070;2.239.783.111.695.550;3.093.417.851.781.240;15.982.629.572.870.600;15.805.168.043.280.700;6.486.792.657.949.430;5.654.102.002.308.260;30.878.911.325.012.500;26.953.990.035.147.300;33.484.855.853.916.200;6.270.805.264.144.660;11.083.887.810.406.900;2.734.137.201.355.680;663.713.072.160.748;8.034.888.280.965.560
526.621.129.972.681;26.677.512.973.273.800;570.871.107.334.477;2.679.502.079.601.270;2.926.125.915.835.510;9.393.745.142.504.440;221.592.219.874.452;1.202.432.970.336.760;5.045.806.616.829.370;9.811.669.293.930.660;4.145.902.112.861.080;4.663.120.916.043.730;9.264.947.699.619.000;597.953.200.316.271;4.406.472.240.395.820;2.543.255.820.714.910;17.010.194.901.083.900;45.210.346.622.357.200;20.451.027.794.907.900;7.872.897.074.479.980;1.578.343.710.046.960
13.760.867.701.763.700;5.847.472.271.918.670;9.377.992.135.682.120;47.550.273.828.452.900;1.553.814.673.141.890;5.478.181.783.531.230;7.015.953.794.559.090;7.332.699.761.898.780;23.936.827.109.674.700;30.600.925.784.424.300;10.271.550.036.571.600;6.077.654.800.327.010;5.904.631.798.115.190;4.744.189.538.038.090;14.539.865.215.191.600;17.950.553.612.903.700;13.004.680.048.331.200;820.945.785.559.263;3.759.736.801.019.080;5.398.954.444.896.020;7.960.446.367.124.860
50.451.260.948.540.900;22.916.963.285.370.900;23.817.702.758.460.000;527.759.659.627.265;6.608.102.745.430.330;4.335.731.758.998.820;51.391.359.350.314.200;2.000.809.822.130.810;1.547.775.735.825.200;15.056.695.015.695.300;6.052.285.650.214.400;28.857.329.857.920.400;17.097.586.598.634.800;1.520.623.481.213.760;53.955.522.986.863.500;5.036.740.482.334.770;1.558.299.681.928.600;2.739.041.180.656.750;23.199.480.257.866.600;17.968.484.058.542.300;14.599.546.767.042.800
5.968.648.506.641.540;4.999.403.371.152.270;18.973.679.271.729.000;2.807.770.353.568.440;6.891.301.119.457.220;490.075.135.760.176;32.382.756.348.175.100;6.878.381.927.718.950;20.283.040.167.296.700;301.191.054.454.687;3.149.643.565.986.580;2.474.789.934.835.140;685.029.998.327.725;10.822.454.790.628.800;1.671.969.476.336.540;5.427.382.992.321.820;1.162.644.220.888.000;8.787.720.558.541.270;3.189.230.359.650.920;38.659.643.299.898.300;18.084.468.359.153.300
3.259.126.904.923.810;34.276.280.192.705.400;23.855.214.778.487.300;8.543.421.864.756.460;3.474.178.183.027.270;11.969.575.654.487.900;33.030.263.865.146.800;24.734.277.460.424.000;12.184.877.999.204.600;35.949.408.249.887;10.033.697.157.596.400;283.003.911.605.608;787.655.838.790.833;10.572.640.473.028.100;46.867.073.073.543.700;1.349.767.959.560.510;11.285.874.557.105.300;22.797.952.331.440.400;40.401.609.066.673.800;14.788.769.360.801.500;19.234.759.665.707.000
21.816.138.978.971.200;31.751.577.842.378.600;4.192.806.472.987.670;9.814.565.371.177.860;8.190.788.002.835.410;3.257.926.893.369.840;3.346.883.253.581.660;1.641.665.410.164.230;17.329.371.830.343.800;3.162.231.853.062.500;17.318.790.669.995.300;4.412.705.050.774.860;6.314.633.468.288.100;24.722.146.956.850.400;55.658.448.572.750.000;11.603.408.453.639.600;5.350.678.297.402.520;11.375.325.442.377.900;26.601.479.711.255.700;8.026.255.070.947.900;13.504.285.278.890.000
23.376.432.425.453.200;21.927.408.831.025.600;5.962.928.026.024.970;1.198.164.829.019.380;45.234.242.759.077.600;10.228.912.771.290.700;3.988.367.004.042.300;14.984.951.879.784.600;17.668.149.046.308.800;29.639.410.182.748.300;4.198.591.180.582.350;33.718.875.710.961.200;896.522.715.184.398;1.762.704.245.100.420;4.147.085.260.355.310;42.003.588.264.598.900;1.490.136.914.259.920;63.050.649.955.279.900;6.778.033.821.466.180;8.490.398.678.910.420;22.450.504.995.733.100
8.900.299.986.790.490;19.447.474.370.191.900;1.989.749.167.266.770;4.208.901.792.897.570;8.467.018.231.285.000;24.527.800.125.621.100;23.732.443.684.047.000;3.713.266.844.896.630;20.205.456.734.586.400;3.506.452.832.565.710;4.416.785.075.558.230;25.630.928.990.557.500;7.037.533.704.037.610;19.168.677.453.772.700;443.330.825.437.989;4.487.898.991.113.200;13.922.593.315.830.400;9.902.243.271.582.600;13.862.110.619.015.900;3.119.443.787.510.100;13.043.390.472.075.500
4.951.612.961.272.230;4.349.781.165.332.180;30.056.558.560.290.600;7.831.228.853.886.900;37.521.358.461.751.400;8.839.244.756.646.250;15.568.356.434.957.600;29.719.469.232.675.000;30.716.161.013.416.500;3.279.864.516.350.980;2.761.730.654.273.640;258.312.272.627.785;3.780.872.224.676.210;15.950.272.158.386.200;3.895.323.072.117.260;22.094.562.459.044.300;9.908.143.861.273.900;23.574.748.792.354.900;4.427.887.400.174.470;9.039.531.073.189.940;853.991.590.627.723
746.896.041.789.482;5.858.182.286.710.460;35.109.317.167.887.200;17.224.319.339.947.600;3.342.390.192.859.090;3.037.177.889.822.130;9.822.700.917.057.680;49.723.326.526.197.900;25.546.325.587.610.300;8.059.821.896.166.150;47.228.244.460.805.800;4.467.338.489.969.770;4.843.371.228.734.720;18.308.920.657.969.100;4.248.591.722.709.200;13.814.831.289.883.600;6.580.837.836.352.280;8.006.841.533.304.590;3.686.215.777.302.830;2.664.541.892.614.550;15.002.525.720.346.000
6.755.906.149.392.290;16.533.286.403.036.000;47.471.989.733.952.400;3.673.608.850.356.120;14.805.554.713.301.900;19.665.977.054.452.600;16.233.187.339.002.700;12.042.225.455.551.900;32.173.930.058.155.800;43.615.448.349.352.100;4.872.711.986.889.990;1.328.331.588.186.170;5.633.349.303.029.620;11.311.043.063.224.800;13.055.423.121.625.300;4.625.458.440.450.390;17.841.696.850.660.700;12.372.948.920.340.000;8.271.029.332.979.730;5.327.546.804.811.830;12.174.853.186.596.300
5.080.282.662.009.060;2.207.771.317.158.710;2.571.925.907.186.580;39.061.475.377.045.300;5.595.288.956.498.860;2.022.749.794.413.820;667.106.054.360.858;6.958.313.614.422.680;2.779.140.894.852.840;25.704.616.464.848.500;13.006.817.155.047.900;0.15183279480791048;4.368.736.744.156.650;47.899.701.703.559.100;3.108.441.813.823.260;58.760.281.860.944.300;4.420.012.973.369.540;12.771.009.124.033.900;31.453.745.485.935.300;3.721.191.117.727.940;8.659.616.714.286.120
3.131.594.016.814.280;541.716.398.095.679;5.097.222.794.121.520;4.541.734.833.168.350;23.737.372.703.541.400;9.937.075.336.948.650;3.101.543.294.759.180;5.544.439.871.833.190;14.388.839.564.926;21.169.920.934.901.400;38.028.778.933.524.700;6.240.043.138.723.740;5.488.174.099.649.040;8.572.247.870.979.420;38.355.853.420.640.100;296.453.328.504.807;28.822.205.821.721.200;11.401.380.890.034.400;18.060.766.896.960.400;858.904.103.388.857;17.917.290.026.432.500
18.970.434.214.932.300;16.951.571.990.157.600;1.597.114.050.572.890;2.710.288.424.575.910;50.166.183.344.763.600;5.033.218.212.081.770;1.949.638.284.777.540;12.286.861.488.560.300;20.383.196.316.316.100;3.676.530.119.768.480;6.354.056.915.215.400;5.894.784.096.056.340;5.498.407.001.581.860;16.472.130.129.934.200;3.019.891.993.027.880;3.323.805.595.279.110;716.322.779.485.524;23.645.068.779.143.800;497.909.434.626.729;3.831.434.623.057.260;11.337.853.990.065.500
3.177.389.208.696.310;2.856.060.969.631.060;5.917.301.197.440.410;16.226.202.866.914.200;11.697.498.245.132.800;3.487.505.267.109.260;38.870.136.965.422.500;8.550.648.154.771.460;3.025.254.483.749.430;36.749.767.353.816.300;6.748.468.367.544.060;22.817.706.552.196.200;6.905.121.199.269.140;7.561.934.108.628.980;2.926.208.997.003.370;4.185.957.669.184.620;14.333.874.277.377.700;5.460.515.886.905.120;9.746.042.891.087.560;10.708.426.939.539.900;10.621.731.528.488.800
8.966.550.003.198.000;19.417.427.589.002.800;5.156.372.327.620.240;1.423.984.067.435.750;7.123.342.453.304.660;5.135.078.410.017.350;3.021.319.246.662.770;1.327.491.463.196.410;46.778.828.908.989.100;24.432.358.651.374.700;520.713.393.009.862;0.7143027623027245;9.360.932.834.553.050;20.222.154.292.899.800;15.012.901.709.343.900;3.773.199.969.978.360;17.245.421.451.240.800;13.065.137.578.725.800;70.664.882.258.250.700;9.075.079.723.251.070;906.463.849.372.938
5.212.818.101.386.930;4.204.662.385.665.140;2.549.288.242.704.230;3.931.129.805.891.630;17.225.320.487.393.800;6.250.462.441.767.290;10.511.154.598.035.600;6.640.375.883.352.480;2.378.422.037.961.340;26.263.632.558.072.700;45.346.638.672.116.200;2.443.884.015.956.340;7.017.535.255.722.340;7.246.059.061.123.480;2.989.037.642.925.580;4.369.621.372.860.470;3.616.393.432.226.150;6.920.998.877.003.590;4.320.937.003.457.730;23.985.281.572.228.300;16.113.917.195.783.600
32.260.493.584.685.900;5.583.054.822.879.760;5.249.014.052.547.870;40.730.385.191.507.700;10.914.357.998.602.300;3.701.330.473.551.280;463.086.784.943.083;5.839.792.829.212.290;16.963.668.883.314.600;25.578.048.679.348.400;708.214.031.817.709;3.340.851.680.830.500;44.266.436.989.320.000;15.701.662.358.704.300;12.973.116.965.361.700;45.209.591.269.949.200;48.004.082.833.700.000;4.403.159.089.655.880;37.651.341.985.291.200;2.317.117.542.121.970;2.488.807.380.098.620
19.929.382.364.391.400;22.743.375.468.232.800;5.277.770.453.417.730;6.364.617.318.763.510;7.170.428.387.947.540;1.956.069.917.406.100;31.504.754.007.588.100;7.487.337.920.436.950;15.947.459.723.285.500;26.026.945.440.517.000;5.408.838.332.312.620;4.629.948.608.659.210;7.396.554.985.404.640;18.070.347.187.249.900;5.572.181.733.444.030;360.706.836.579.596;21.580.421.291.289.900;7.112.555.259.680.750;19.440.099.743.624.100;2.414.606.354.277.160;2.249.640.604.895.440
4.190.737.501.007.030;3.516.181.294.869.820;5.334.488.504.442.650;34.682.844.325.268.600;4.245.617.251.753.820;5.962.747.988.109.100;19.491.917.002.853.200;17.214.949.036.692.300;163.821.773.650.981;23.154.108.875.128.700;6.949.215.211.724.350;5.169.968.510.740.340;2.937.393.004.299.210;6.469.800.534.927.950;50.769.586.524.596.500;10.893.050.423.550.000;24.155.888.730.736.100;4.409.353.339.783.370;15.755.434.708.133.900;4.231.170.346.524.790;18.544.958.020.217.900
5.354.353.092.873.970;33.321.968.694.164.500;6.052.216.936.285.460;3.124.626.998.347.550;7.838.851.785.564.900;5.159.237.565.933.350;896.766.045.876.506;1.561.906.340.020.400;2.131.845.558.066.750;2.973.495.186.851.460;712.608.714.264.369;22.684.640.995.984.400;7.053.469.474.500.290;435.917.558.004.119;8.316.174.782.573.230;5.167.394.813.628.150;13.009.701.612.095.800;9.700.111.007.331.350;4.893.668.041.939.990;8.265.593.196.280.150;2.043.118.688.164.870
59.182.546.388.887.300;20.592.160.516.248.100;26.097.368.869.957;39.657.995.270.733.500;7.199.433.996.475.530;3.623.861.104.345.860;8.941.788.049.701.110;494.906.738.202.233;63.604.288.525.588.900;17.142.746.041.411.900;335.328.626.476.646;20.577.496.827.168.700;404.123.587.828.871;14.337.071.526.430.700;1.648.838.380.784.850;13.008.114.174.052.500;662.991.259.623.617;13.203.119.924.168.300;337.213.467.449.719;7.835.311.163.808.800;59.686.665.916.954.700
4.105.720.798.578.550;14.826.639.180.380.000;38.234.934.921.434.900;5.454.668.060.966.620;4.595.428.584.739.080;33.560.519.160.939.600;21.014.220.847.935.200;7.252.305.360.990.140;1.819.342.362.149.550;5.798.565.078.883.110;30.856.844.459.925.200;5.931.814.011.825.280;7.666.495.201.962.910;1.510.346.586.382.900;3.584.639.068.704.460;3.314.102.293.753.150;11.650.440.953.092.000;11.267.255.361.362.500;38.004.922.036.058.600;6.331.175.022.495.820;18.219.394.881.097.900
27.262.482.608.235.300;5.298.147.064.770.500;5.345.675.893.364.800;16.882.287.056.908.600;6.954.563.265.416.830;11.166.141.954.563.800;25.536.226.741.856.800;16.333.535.819.004.000;15.657.373.051.694.600;3.711.639.168.248.070;2.875.048.423.357.220;40.004.165.673.942.700;44.191.185.335.205.100;11.918.680.035.565.100;1.688.599.607.873.140;38.844.504.052.464.700;1.730.460.197.098.780;8.489.810.829.196.710;40.191.574.826.169.900;38.323.151.832.009.800;1.536.581.315.522.510
34.344.961.070.678.700;14.040.301.364.141.200;44.646.505.882.637.700;26.472.472.237.780.900;22.065.056.876.527.500;5.813.568.843.154.640;5.958.722.895.482.910;6.415.187.630.184.260;720.899.459.846.157;3.638.201.686.021.190;5.698.085.219.800.810;5.984.114.713.550.200;4.037.109.661.683.440;21.990.980.709.216.700;18.392.963.959.499.200;4.237.584.192.566.910;1.863.201.793.789.280;5.401.350.040.372.690;37.862.340.646.075.600;8.209.660.468.236.420;15.349.648.502.160.000
2.975.737.601.925.940;48.487.782.087.119.500;8.369.548.084.126.880;4.922.984.301.879.140;8.200.838.314.587.030;6.194.613.669.476.550;7.747.907.841.272.680;2.039.828.825.723.400;17.090.580.810.958.500;7.943.059.257.620.400;3.861.115.029.522.900;18.114.393.251.604.900;7.014.728.894.376.320;4.717.171.983.150.590;4.686.899.847.195.680;35.781.061.653.885.700;15.229.492.987.077.500;12.007.213.422.397.900;4.822.736.123.808.460;7.680.204.774.030.060;7.385.510.751.997.940
10.104.664.400.756.600;46.630.422.145.912.200;3.362.394.503.960.450;546.634.640.963.527;6.155.069.325.758.760;2.629.716.155.265.850;336.652.921.254.534;6.809.916.210.639.150;2.653.391.033.017.620;11.920.215.557.602.600;6.616.904.524.607.990;647.154.510.018.399;3.437.701.590.452.170;19.413.539.611.817.900;4.586.286.495.539.480;13.258.005.297.574.400;17.315.354.937.492.800;11.984.577.802.237.800;19.393.460.087.629.000;6.986.460.059.788.950;1.770.746.561.974.970
8.106.732.375.635.840;31.067.042.563.911.900;5.584.769.603.756.980;44.282.785.436.279.200;47.996.483.878.821.000;1.851.047.929.191.250;2.356.278.210.783.680;25.995.386.863.557.100;27.650.206.782.155.600;1.511.917.697.700.650;6.092.118.358.412.900;13.776.419.927.646.900;398.685.622.951.931;44.002.216.406.765.000;39.436.367.809.938;45.862.028.592.121.200;3.891.263.529.625.200;7.410.475.801.253.620;3.667.725.161.201.860;2.730.605.449.155.510;19.139.872.152.669.800
30.818.466.677.411.100;2.139.773.467.685.050;578.399.059.928.903;2.627.106.034.587.290;3.810.759.275.431.950;7.542.600.982.250.950;21.366.200.204.271.000;23.850.569.702.493.100;5.100.442.282.089.920;13.082.425.711.578.300;724.649.977.146.206;20.730.028.125.082.300;9.097.373.948.130.210;16.350.959.497.401.600;16.754.658.577.062.100;25.271.354.119.267.200;8.296.562.831.146.660;9.452.595.312.467.960;4.870.761.292.912.180;8.146.422.194.529.190;13.789.438.695.023.400
7.098.901.744.829.190;281.933.402.477.776;49.303.358.241.333.300;2.186.896.271.611.850;12.651.194.172.018.700;10.528.162.561.705.500;42.077.246.970.410.600;5.571.044.163.937.100;35.683.115.468.561.700;16.979.442.893.399.700;6.087.033.146.014.700;28.410.015.933.407.600;37.636.865.181.050.600;32.339.728.030.492.800;327.483.339.768.646;2.866.121.151.544.490;54.033.472.947.148.200;7.172.283.195.199.090;4.085.858.350.820.600;14.619.413.074.930.500;10.839.249.525.964.200
2.668.220.941.085.420;4.480.105.765.278.970;24.701.956.936.113.100;3.944.012.391.735.340;18.780.565.377.786.600;3.902.148.444.020.550;19.900.293.541.992.400;41.328.243.454.660.300;3.476.305.020.451.370;3.587.265.762.662.050;6.409.446.169.999.520;0.8900235017482766;27.179.457.256.684.100;5.397.807.157.284.200;24.628.174.731.799.400;8.621.737.406.054.980;674.821.736.166.691;10.948.605.641.629.000;19.045.225.845.034.200;12.298.441.776.426.600;13.547.452.149.184.200
6.293.547.159.858.050;4.649.168.782.816.520;2.284.867.708.497.270;3.270.207.828.573.230;9.240.424.732.910.020;5.664.031.916.856.690;4.075.297.462.848.860;7.416.324.209.552.860;3.838.509.752.691.910;6.554.571.995.433.450;47.278.657.822.707.700;31.702.029.664.649.500;7.245.962.152.299.470;8.991.526.840.438.850;7.554.401.383.223.940;4.820.666.637.109.090;15.016.390.413.759.700;13.619.997.032.305.800;25.698.080.663.912.200;10.228.567.927.959.300;14.604.648.757.913.200
789.717.706.288.021;2.885.800.862.992.340;5.902.838.970.345.850;6.797.966.536.861.040;8.215.047.480.197.270;61.473.378.776.299;42.589.103.899.685.200;5.804.188.493.953.960;2.656.022.145.787.400;17.275.452.446.174.200;3.240.293.604.346.580;23.626.217.887.024.400;21.660.921.761.788.800;562.747.093.925.832;3.471.289.111.464.040;13.551.889.573.974.100;15.317.399.008.358.400;747.285.928.573.687;3.419.740.149.904.100;5.714.660.823.052.870;14.559.042.942.961.200
37.728.742.584.171.100;1.428.632.884.379.710;4.683.631.787.618.060;34.694.374.751.691.700;2.403.056.306.397.240;4.145.538.771.840.630;9.183.398.713.049.500;7.153.005.724.658.190;3.174.231.053.256.110;47.226.168.822.341.300;6.413.085.476.889.340;12.369.850.349.531.000;31.785.025.419.912.900;18.317.048.000.586.900;50.502.646.677.821.700;13.089.285.572.104.800;9.803.253.111.298.280;19.538.499.576.937.900;29.015.147.035.563.600;8.624.469.237.365.810;3.630.967.510.299.630
49.610.068.857.456.800;5.893.335.418.734.340;4.704.113.545.313.060;4.457.847.127.011.200;45.617.018.165.213.200;2.657.431.627.810.410;13.956.147.979.193.200;602.755.538.951.167;26.986.703.050.009.000;22.361.722.322.702.900;6.940.557.798.185.500;4.344.421.662.900.770;41.955.041.049.108.300;11.534.531.943.977.500;1.040.987.682.591.110;317.290.766.204.245;14.035.799.865.606.200;4.462.250.166.279.610;1.775.848.332.263.400;3.321.251.803.359.800;1.781.701.381.390.590
7.952.213.153.701.460;4.103.216.268.671.400;4.038.015.544.270.260;2.798.075.904.998.840;24.155.072.763.103.000;40.931.400.425.601.700;42.249.547.889.198.100;3.777.152.660.231.730;1.639.501.919.830.390;2.274.970.861.737.040;2.734.535.476.698.080;14.507.418.216.769.200;227.244.606.755.552;14.443.393.822.664.100;4.699.650.829.134.190;10.391.823.085.408.900;15.257.233.954.521.700;12.043.661.416.995.400;25.239.210.700.667.000;2.935.277.309.481.070;17.114.419.149.876.200
41.649.625.801.943.500;19.370.822.259.164.100;6.104.736.977.894.390;2.800.371.677.085.800;7.868.049.113.964.060;3.637.656.856.717.520;8.759.554.268.314.540;36.431.618.361.187.900;42.390.781.562.328.600;38.131.426.227.178.000;6.776.099.347.993.430;42.495.919.274.104.400;20.273.202.809.603.900;4.504.389.805.696.510;29.860.139.472.231.100;20.205.331.605.847.400;3.564.070.506.694.160;6.720.868.118.176.430;31.734.467.356.093.100;8.266.961.758.395.250;98.671.672.800.548
9.129.428.543.121.520;30.405.249.511.408.100;5.298.902.421.560.670;28.157.190.944.333.200;7.223.218.578.521.760;5.314.892.637.202.260;898.099.645.957.281;32.824.338.128.863.900;19.651.133.851.611.000;22.037.786.987.007.900;31.237.126.275.766.400;5.400.057.400.877.930;9.080.454.528.297.970;9.734.894.689.152.270;4.022.509.527.457.220;9.861.001.644.778.350;8.354.315.841.352.120;1.110.383.732.831.540;3.917.135.356.443.430;7.508.284.111.893.720;22.715.997.102.262.000
8.274.911.085.214.090;17.538.120.051.444.900;4.179.999.474.508.910;3.290.429.524.224.910;2.714.669.330.842.210;16.192.186.425.264.100;31.949.818.099.615.000;15.442.871.205.883.400;12.537.027.422.687.700;21.206.529.977.888.300;646.498.112.176.154;6.379.440.152.780.880;7.284.254.655.375.870;17.647.409.230.660.500;28.087.322.361.057.700;3.828.373.429.870.130;8.103.679.465.646.580;5.175.544.129.523.230;2.588.745.976.610.600;2.056.351.753.750.510;22.283.328.075.509.900
26.040.792.268.427.700;16.676.268.931.121.100;5.375.350.347.812.100;9.750.865.227.395.130;5.404.679.090.502.280;12.137.358.987.593.700;10.703.384.004.539.800;40.729.863.910.822.000;2.167.570.103.953.470;3.151.283.482.413.630;7.568.271.421.917.280;35.803.615.217.744.100;5.369.833.056.404.770;12.603.664.491.133.200;53.606.854.773.118.600;5.630.104.743.246.940;45.489.163.346.035.100;12.586.902.377.338.900;56.349.293.485.939.200;804.435.547.205.208;2.389.693.653.292.450
7.668.736.145.560.040;3.670.631.849.097.850;891.859.629.454.438;41.715.172.850.375.200;43.815.981.618.502.300;16.319.397.493.314.300;10.091.133.289.568.400;3.091.108.917.900.340;55.770.192.974.791.000;9.303.471.335.638.390;24.402.922.647.973.200;0.3518848748534025;15.532.103.130.127.800;9.197.950.650.650.710;28.011.474.511.986.700;1.317.244.710.010.470;547.767.861.580.041;4.295.894.007.146.260;32.639.439.269.281.100;34.702.517.819.959.900;0.8889150989191075
47.574.956.525.256.400;36.015.957.874.043.300;5.093.856.414.111.710;39.047.569.324.660.700;5.239.575.343.853.680;1.592.907.622.058.770;27.183.528.947.420.500;24.779.786.604.063.600;7.037.592.881.811.510;14.357.962.719.308.400;4.113.503.657.893.700;5.637.272.901.734.710;5.123.708.274.293.440;12.991.027.020.118.400;5.503.650.842.492.050;5.788.879.792.715.460;628.785.039.147.822;8.951.050.607.674.090;4.130.362.992.999.480;5.223.950.661.722.600;1.787.038.821.213.880
8.032.511.098.704.680;4.295.959.898.535.120;39.036.925.100.027.700;1.754.993.258.223.950;7.502.471.277.793.370;5.782.804.309.806.860;15.318.621.529.187.400;6.684.750.069.576.270;1.397.281.992.403.640;14.120.983.447.599.600;17.945.696.119.246.200;3.765.061.167.121.060;9.185.846.186.685.840;16.296.357.177.124.500;8.571.572.736.946.780;2.013.108.819.031.550;1.866.796.495.967.460;4.063.574.280.846.520;4.938.578.599.894.040;49.360.632.053.417.800;194.068.233.987
6.515.297.899.392.940;2.776.485.122.621.810;2.009.984.228.126.220;38.106.004.520.005.500;7.643.777.258.685.580;46.362.751.049.299.000;3.757.590.119.881.300;6.266.124.468.656.160;3.433.266.512.272.240;6.565.352.322.685.920;3.558.898.862.564.310;34.632.199.994.190.900;8.630.048.207.672.450;100.324.314.877.969;26.820.971.697.498.500;37.813.132.032.801.000;4.077.077.857.876.640;4.635.350.153.910.960;425.140.108.289.129;7.357.519.861.115.420;10.988.216.882.173.900
7.314.106.017.272.560;14.182.735.531.234.700;50.722.083.191.325.000;12.537.171.736.771.200;6.866.935.334.570.050;4.440.164.409.138.280;120.994.696.446.497;1.600.917.855.142.940;1.632.996.303.077.340;18.713.061.854.445.200;10.244.190.264.672.500;23.162.748.646.286.200;1.706.239.995.552.230;18.283.384.292.123.600;17.783.034.153.678.700;42.042.707.223.460.900;15.826.377.638.532.200;11.212.891.717.793.800;25.572.839.788.640.200;19.247.028.869.381.400;19.132.197.583.317.600
14.131.447.001.133.300;37.683.756.180.449.900;2.015.031.461.404.680;5.498.962.158.892.070;4.042.858.993.162.590;15.875.866.147.784.200;3.574.315.953.051.940;5.601.466.801.219.790;7.451.862.065.320.790;18.423.108.934.784.200;616.213.231.999.055;2.311.634.712.616.960;7.955.488.650.968.960;16.356.331.694.515.700;2.460.787.694.781.730;36.736.953.230.304.900;5.890.472.393.906.680;1.054.658.215.863.040;1.049.888.081.829.930;9.715.011.193.230.170;1.833.548.853.500.430
9.584.997.331.275.120;11.520.140.494.716.900;5.068.887.159.335.540;23.632.716.556.215.600;46.720.792.221.915.100;5.289.344.150.135.110;7.554.148.741.307.520;25.121.049.926.494.400;904.041.418.598.111;23.836.546.218.807.700;736.055.997.430.514;2.739.291.097.388.110;5.202.595.431.377.440;19.014.937.180.870.800;34.601.708.686.682.700;10.026.764.111.841.900;12.225.935.988.048.400;9.630.485.112.595.510;12.104.034.570.613.800;8.654.288.660.827.970;2.456.896.839.037.210
8.581.175.043.028.100;16.275.375.380.463.400;2.937.066.391.508.730;33.218.907.605.197.500;4.785.826.963.427.510;14.354.483.264.841.800;23.054.854.862.089.100;7.165.853.517.435.310;10.999.429.696.074.400;19.279.461.868.068.500;7.446.196.220.453.120;24.541.872.631.946.700;6.253.260.718.895.560;17.453.425.623.920.000;9.293.967.209.077.300;5.660.808.150.006.860;16.912.747.801.560.900;12.967.248.899.632.000;14.960.937.462.336.700;8.858.985.134.875.910;9.021.975.033.929.850
7.305.469.072.869.610;27.591.009.489.350.800;49.344.705.994.406.900;32.676.744.556.272.700;14.793.833.766.685.200;621.368.316.595.869;32.791.176.313.861.600;29.452.026.211.335.800;52.011.196.222.158.100;168.313.274.395.482;3.599.630.928.243;;;;;;;;;;